Build started 9/11/2026 12:54:38 AM.
Logging verbosity is set to: Normal.     1>Project "D:\a\DJMax-Studio\DJMax-Studio\DJMaxEditor.sln" on node 1 (Restore target(s)).
     1>ValidateSolutionConfiguration:
         Building solution configuration "Debug|Any CPU".
       _GetAllRestoreProjectPathItems:
         Determining projects to restore...
       Restore:
         X.509 certificate chain validation will use the default trust store selected by .NET for code signing.
         X.509 certificate chain validation will use the default trust store selected by .NET for timestamping.
         Restoring packages for D:\a\DJMax-Studio\DJMax-Studio\libs\UnpackMe.SDK.Standard\UnpackMe.SDK.Standard.csproj...
         Restoring packages for D:\a\DJMax-Studio\DJMax-Studio\DJMaxEditor.Studio\DJMaxEditor.Studio.csproj...
         Restoring packages for D:\a\DJMax-Studio\DJMax-Studio\DJMaxEditor.Core\DJMaxEditor.Core.csproj...
           GET https://api.nuget.org/v3-flatcontainer/vortice.mediafoundation/index.json
           GET https://api.nuget.org/v3-flatcontainer/naudio/index.json
           GET https://api.nuget.org/v3-flatcontainer/system.text.encoding.codepages/index.json
           GET https://api.nuget.org/v3-flatcontainer/naudio.vorbis/index.json
           GET https://api.nuget.org/v3-flatcontainer/netstandard.library/index.json
           OK https://api.nuget.org/v3-flatcontainer/naudio.vorbis/index.json 26ms
           OK https://api.nuget.org/v3-flatcontainer/system.text.encoding.codepages/index.json 34ms
           OK https://api.nuget.org/v3-flatcontainer/netstandard.library/index.json 26ms
           OK https://api.nuget.org/v3-flatcontainer/naudio/index.json 35ms
           GET https://api.nuget.org/v3-flatcontainer/netstandard.library/2.0.3/netstandard.library.2.0.3.nupkg
           GET https://api.nuget.org/v3-flatcontainer/naudio.vorbis/1.5.0/naudio.vorbis.1.5.0.nupkg
           OK https://api.nuget.org/v3-flatcontainer/vortice.mediafoundation/index.json 71ms
           GET https://api.nuget.org/v3-flatcontainer/system.text.encoding.codepages/8.0.0/system.text.encoding.codepages.8.0.0.nupkg
           GET https://api.nuget.org/v3-flatcontainer/naudio/2.2.1/naudio.2.2.1.nupkg
           OK https://api.nuget.org/v3-flatcontainer/netstandard.library/2.0.3/netstandard.library.2.0.3.nupkg 3ms
           GET https://api.nuget.org/v3-flatcontainer/vortice.mediafoundation/3.8.3/vortice.mediafoundation.3.8.3.nupkg
           OK https://api.nuget.org/v3-flatcontainer/naudio.vorbis/1.5.0/naudio.vorbis.1.5.0.nupkg 5ms
           OK https://api.nuget.org/v3-flatcontainer/naudio/2.2.1/naudio.2.2.1.nupkg 4ms
           OK https://api.nuget.org/v3-flatcontainer/system.text.encoding.codepages/8.0.0/system.text.encoding.codepages.8.0.0.nupkg 4ms
           OK https://api.nuget.org/v3-flatcontainer/vortice.mediafoundation/3.8.3/vortice.mediafoundation.3.8.3.nupkg 8ms
           GET https://api.nuget.org/v3-flatcontainer/nvorbis/index.json
           GET https://api.nuget.org/v3-flatcontainer/sharpgen.runtime/index.json
           GET https://api.nuget.org/v3-flatcontainer/naudio.core/index.json
           GET https://api.nuget.org/v3-flatcontainer/vortice.directx/index.json
           GET https://api.nuget.org/v3-flatcontainer/naudio.winmm/index.json
           GET https://api.nuget.org/v3-flatcontainer/naudio.winforms/index.json
           GET https://api.nuget.org/v3-flatcontainer/naudio.wasapi/index.json
           GET https://api.nuget.org/v3-flatcontainer/naudio.midi/index.json
           OK https://api.nuget.org/v3-flatcontainer/nvorbis/index.json 7ms
           OK https://api.nuget.org/v3-flatcontainer/naudio.core/index.json 7ms
           GET https://api.nuget.org/v3-flatcontainer/naudio.asio/index.json
           OK https://api.nuget.org/v3-flatcontainer/sharpgen.runtime/index.json 15ms
           GET https://api.nuget.org/v3-flatcontainer/nvorbis/0.10.4/nvorbis.0.10.4.nupkg
           GET https://api.nuget.org/v3-flatcontainer/naudio.core/2.0.0/naudio.core.2.0.0.nupkg
           GET https://api.nuget.org/v3-flatcontainer/sharpgen.runtime/2.4.2-beta/sharpgen.runtime.2.4.2-beta.nupkg
           OK https://api.nuget.org/v3-flatcontainer/vortice.directx/index.json 31ms
           GET https://api.nuget.org/v3-flatcontainer/naudio.core/2.2.1/naudio.core.2.2.1.nupkg
           OK https://api.nuget.org/v3-flatcontainer/naudio.winmm/index.json 31ms
           GET https://api.nuget.org/v3-flatcontainer/naudio.winmm/2.2.1/naudio.winmm.2.2.1.nupkg
           GET https://api.nuget.org/v3-flatcontainer/vortice.directx/3.8.3/vortice.directx.3.8.3.nupkg
           OK https://api.nuget.org/v3-flatcontainer/naudio.winforms/index.json 35ms
           OK https://api.nuget.org/v3-flatcontainer/naudio.wasapi/index.json 35ms
           GET https://api.nuget.org/v3-flatcontainer/naudio.winforms/2.2.1/naudio.winforms.2.2.1.nupkg
           GET https://api.nuget.org/v3-flatcontainer/naudio.wasapi/2.2.1/naudio.wasapi.2.2.1.nupkg
           OK https://api.nuget.org/v3-flatcontainer/naudio.midi/index.json 35ms
           GET https://api.nuget.org/v3-flatcontainer/naudio.midi/2.2.1/naudio.midi.2.2.1.nupkg
           OK https://api.nuget.org/v3-flatcontainer/naudio.asio/index.json 27ms
           OK https://api.nuget.org/v3-flatcontainer/naudio.core/2.0.0/naudio.core.2.0.0.nupkg 12ms
           GET https://api.nuget.org/v3-flatcontainer/naudio.asio/2.2.1/naudio.asio.2.2.1.nupkg
           OK https://api.nuget.org/v3-flatcontainer/naudio.core/2.2.1/naudio.core.2.2.1.nupkg 13ms
           OK https://api.nuget.org/v3-flatcontainer/nvorbis/0.10.4/nvorbis.0.10.4.nupkg 15ms
           OK https://api.nuget.org/v3-flatcontainer/naudio.winmm/2.2.1/naudio.winmm.2.2.1.nupkg 10ms
           OK https://api.nuget.org/v3-flatcontainer/sharpgen.runtime/2.4.2-beta/sharpgen.runtime.2.4.2-beta.nupkg 16ms
           OK https://api.nuget.org/v3-flatcontainer/naudio.wasapi/2.2.1/naudio.wasapi.2.2.1.nupkg 10ms
           OK https://api.nuget.org/v3-flatcontainer/naudio.winforms/2.2.1/naudio.winforms.2.2.1.nupkg 11ms
           OK https://api.nuget.org/v3-flatcontainer/naudio.midi/2.2.1/naudio.midi.2.2.1.nupkg 11ms
           OK https://api.nuget.org/v3-flatcontainer/vortice.directx/3.8.3/vortice.directx.3.8.3.nupkg 15ms
           OK https://api.nuget.org/v3-flatcontainer/naudio.asio/2.2.1/naudio.asio.2.2.1.nupkg 20ms
           GET https://api.nuget.org/v3-flatcontainer/microsoft.win32.registry/index.json
           GET https://api.nuget.org/v3-flatcontainer/system.valuetuple/index.json
           GET https://api.nuget.org/v3-flatcontainer/system.memory/index.json
           OK https://api.nuget.org/v3-flatcontainer/system.memory/index.json 5ms
           GET https://api.nuget.org/v3-flatcontainer/microsoft.netcore.platforms/index.json
           OK https://api.nuget.org/v3-flatcontainer/microsoft.win32.registry/index.json 8ms
           GET https://api.nuget.org/v3-flatcontainer/system.memory/4.5.3/system.memory.4.5.3.nupkg
           OK https://api.nuget.org/v3-flatcontainer/system.valuetuple/index.json 8ms
           GET https://api.nuget.org/v3-flatcontainer/microsoft.win32.registry/4.7.0/microsoft.win32.registry.4.7.0.nupkg
           OK https://api.nuget.org/v3-flatcontainer/microsoft.netcore.platforms/index.json 3ms
           GET https://api.nuget.org/v3-flatcontainer/sharpgen.runtime.com/index.json
           GET https://api.nuget.org/v3-flatcontainer/system.valuetuple/4.5.0/system.valuetuple.4.5.0.nupkg
           GET https://api.nuget.org/v3-flatcontainer/system.text.json/index.json
           OK https://api.nuget.org/v3-flatcontainer/microsoft.win32.registry/4.7.0/microsoft.win32.registry.4.7.0.nupkg 528ms
           OK https://api.nuget.org/v3-flatcontainer/system.memory/4.5.3/system.memory.4.5.3.nupkg 529ms
           GET https://api.nuget.org/v3-flatcontainer/microsoft.netcore.platforms/1.1.0/microsoft.netcore.platforms.1.1.0.nupkg
           GET https://api.nuget.org/v3-flatcontainer/vortice.mathematics/index.json
           OK https://api.nuget.org/v3-flatcontainer/system.valuetuple/4.5.0/system.valuetuple.4.5.0.nupkg 3ms
           OK https://api.nuget.org/v3-flatcontainer/system.text.json/index.json 4ms
           OK https://api.nuget.org/v3-flatcontainer/microsoft.netcore.platforms/1.1.0/microsoft.netcore.platforms.1.1.0.nupkg 3ms
           GET https://api.nuget.org/v3-flatcontainer/system.text.json/9.0.1/system.text.json.9.0.1.nupkg
           GET https://api.nuget.org/v3-flatcontainer/system.security.principal.windows/index.json
           OK https://api.nuget.org/v3-flatcontainer/system.text.json/9.0.1/system.text.json.9.0.1.nupkg 5ms
           OK https://api.nuget.org/v3-flatcontainer/sharpgen.runtime.com/index.json 17ms
           GET https://api.nuget.org/v3-flatcontainer/sharpgen.runtime.com/2.4.2-beta/sharpgen.runtime.com.2.4.2-beta.nupkg
           OK https://api.nuget.org/v3-flatcontainer/system.security.principal.windows/index.json 7ms
           GET https://api.nuget.org/v3-flatcontainer/system.security.principal.windows/4.7.0/system.security.principal.windows.4.7.0.nupkg
           OK https://api.nuget.org/v3-flatcontainer/sharpgen.runtime.com/2.4.2-beta/sharpgen.runtime.com.2.4.2-beta.nupkg 4ms
           OK https://api.nuget.org/v3-flatcontainer/system.security.principal.windows/4.7.0/system.security.principal.windows.4.7.0.nupkg 3ms
           GET https://api.nuget.org/v3-flatcontainer/system.security.accesscontrol/index.json
           OK https://api.nuget.org/v3-flatcontainer/vortice.mathematics/index.json 105ms
           GET https://api.nuget.org/v3-flatcontainer/vortice.mathematics/2.1.0/vortice.mathematics.2.1.0.nupkg
           OK https://api.nuget.org/v3-flatcontainer/system.security.accesscontrol/index.json 9ms
           GET https://api.nuget.org/v3-flatcontainer/system.security.accesscontrol/4.7.0/system.security.accesscontrol.4.7.0.nupkg
           OK https://api.nuget.org/v3-flatcontainer/vortice.mathematics/2.1.0/vortice.mathematics.2.1.0.nupkg 4ms
           OK https://api.nuget.org/v3-flatcontainer/system.security.accesscontrol/4.7.0/system.security.accesscontrol.4.7.0.nupkg 4ms
           GET https://api.nuget.org/v3-flatcontainer/microsoft.netcore.platforms/3.1.0/microsoft.netcore.platforms.3.1.0.nupkg
           GET https://api.nuget.org/v3-flatcontainer/system.text.encodings.web/index.json
           GET https://api.nuget.org/v3-flatcontainer/system.io.pipelines/index.json
           OK https://api.nuget.org/v3-flatcontainer/microsoft.netcore.platforms/3.1.0/microsoft.netcore.platforms.3.1.0.nupkg 4ms
           OK https://api.nuget.org/v3-flatcontainer/system.text.encodings.web/index.json 19ms
           GET https://api.nuget.org/v3-flatcontainer/system.text.encodings.web/9.0.1/system.text.encodings.web.9.0.1.nupkg
           OK https://api.nuget.org/v3-flatcontainer/system.io.pipelines/index.json 20ms
           GET https://api.nuget.org/v3-flatcontainer/system.io.pipelines/9.0.1/system.io.pipelines.9.0.1.nupkg
           OK https://api.nuget.org/v3-flatcontainer/system.text.encodings.web/9.0.1/system.text.encodings.web.9.0.1.nupkg 4ms
           OK https://api.nuget.org/v3-flatcontainer/system.io.pipelines/9.0.1/system.io.pipelines.9.0.1.nupkg 4ms
         Installed Microsoft.NETCore.Platforms 1.1.0 from https://api.nuget.org/v3/index.json to C:\Users\runneradmin\.nuget\packages\microsoft.netcore.platforms\1.1.0 with content hash kz0PEW2lhqygehI/d6XsPCQzD7ff7gUJaVGPVETX611eadGsA3A877GdSlU0LRVMCTH/+P3o2iDTak+S08V2+A==.
         Installed NVorbis 0.10.4 from https://api.nuget.org/v3/index.json to C:\Users\runneradmin\.nuget\packages\nvorbis\0.10.4 with content hash WYnil3DhQHzjCY0dM9I2B3r1vWip90AOuQd25KE4NrjPQBg0tBJFluRLm5YPnO5ZLDmwrfosY8jCQGQRmWI/Pg==.
         Installed Microsoft.NETCore.Platforms 3.1.0 from https://api.nuget.org/v3/index.json to C:\Users\runneradmin\.nuget\packages\microsoft.netcore.platforms\3.1.0 with content hash z7aeg8oHln2CuNulfhiLYxCVMPEwBl3rzicjvIX+4sUuCwvXw5oXQEtbiU2c0z4qYL5L3Kmx0mMA/+t/SbY67w==.
         Installed System.Memory 4.5.3 from https://api.nuget.org/v3/index.json to C:\Users\runneradmin\.nuget\packages\system.memory\4.5.3 with content hash 3oDzvc/zzetpTKWMShs1AADwZjQ/36HnsufHRPcOjyRAAMLDlu2iD33MBI2opxnezcVUtXyqDXXjoFMOU9c7SA==.
         Installed NAudio.WinMM 2.2.1 from https://api.nuget.org/v3/index.json to C:\Users\runneradmin\.nuget\packages\naudio.winmm\2.2.1 with content hash xFHRFwH4x6aq3IxRbewvO33ugJRvZFEOfO62i7uQJRUNW2cnu6BeBTHUS0JD5KBucZbHZaYqxQG8dwZ47ezQuQ==.
         Installed NAudio.Midi 2.2.1 from https://api.nuget.org/v3/index.json to C:\Users\runneradmin\.nuget\packages\naudio.midi\2.2.1 with content hash 6r23ylGo5aeP02WFXsPquz0T0hFJWyh+7t++tz19tc3Kr38NHm+Z9j+FiAv+xkH8tZqXJqus9Q8p6u7bidIgbw==.
         Installed NAudio.Asio 2.2.1 from https://api.nuget.org/v3/index.json to C:\Users\runneradmin\.nuget\packages\naudio.asio\2.2.1 with content hash hQglyOT5iT3XuGpBP8ZG0+aoqwRfidHjTNehpoWwX0g6KJEgtH2VaqM2nuJ2mheKZa/IBqB4YQTZVvrIapzfOA==.
         Installed NAudio.Core 2.2.1 from https://api.nuget.org/v3/index.json to C:\Users\runneradmin\.nuget\packages\naudio.core\2.2.1 with content hash GgkdP6K/7FqXFo7uHvoqGZTJvW4z8g2IffhOO4JHaLzKCdDOUEzVKtveoZkCuUX8eV2HAINqi7VFqlFndrnz/g==.
         Installed SharpGen.Runtime 2.4.2-beta from https://api.nuget.org/v3/index.json to C:\Users\runneradmin\.nuget\packages\sharpgen.runtime\2.4.2-beta with content hash niTtWAUov1F7wZGAlVeEvW+Tnqvg5yTmhI7rxmYu2Utoyu2TbC9tWWpUpMs0PQg5lu5svoYpCAztNjxCqMFP/w==.
         Installed Vortice.MediaFoundation 3.8.3 from https://api.nuget.org/v3/index.json to C:\Users\runneradmin\.nuget\packages\vortice.mediafoundation\3.8.3 with content hash TeAN7tKrf1XfUxXe1+fukRvPCTW53DQUxuPR0pZLivuhmLlFCgpvb+EQWfCKENnEwbJnL+OdrHxWn2qUZiYMuA==.
         Installed NAudio.Vorbis 1.5.0 from https://api.nuget.org/v3/index.json to C:\Users\runneradmin\.nuget\packages\naudio.vorbis\1.5.0 with content hash llJMmUnFf0FGf4G1FKNftxt+Vc1CvBCSul0Ugbv/RahGbpKF2p+ujSEJHybPjl9b4FjbK8O2vRFIcRGcVfAooA==.
         Installed NAudio.WinForms 2.2.1 from https://api.nuget.org/v3/index.json to C:\Users\runneradmin\.nuget\packages\naudio.winforms\2.2.1 with content hash DlDkewY1myY0A+3NrYRJD+MZhZV0yy1mNF6dckB27IQ9XCs/My5Ip8BZcoSHOsaPSe2GAjvoaDnk6N9w8xTv7w==.
         Installed NAudio.Wasapi 2.2.1 from https://api.nuget.org/v3/index.json to C:\Users\runneradmin\.nuget\packages\naudio.wasapi\2.2.1 with content hash lFfXoqacZZe0WqNChJgGYI+XV/n/61LzPHT3C1CJp4khoxeo2sziyX5wzNYWeCMNbsWxFvT3b3iXeY1UYjBhZw==.
         Installed NAudio.Core 2.0.0 from https://api.nuget.org/v3/index.json to C:\Users\runneradmin\.nuget\packages\naudio.core\2.0.0 with content hash knmGOIYbzn9ZGkFcVs5d3zEYvi50jVriyEirVtAHjkcDoo2ziK32bZb7KkFARLD4lhCGkqp6uT0+0fc4JIfQcw==.
         Installed Vortice.DirectX 3.8.3 from https://api.nuget.org/v3/index.json to C:\Users\runneradmin\.nuget\packages\vortice.directx\3.8.3 with content hash nKwSavv0w5rDF7prSefqAVPDcTyqrfZxKFMVfttiXPfm62VdA/1d+b3PhCZpW4xO7jXczXDwjQdWgD1zGsvM8w==.
         Installed System.IO.Pipelines 9.0.1 from https://api.nuget.org/v3/index.json to C:\Users\runneradmin\.nuget\packages\system.io.pipelines\9.0.1 with content hash uXf5o8eV/gtzDQY4lGROLFMWQvcViKcF8o4Q6KpIOjloAQXrnscQSu6gTxYJMHuNJnh7szIF9AzkaEq+zDLoEg==.
         Installed System.Text.Encoding.CodePages 8.0.0 from https://api.nuget.org/v3/index.json to C:\Users\runneradmin\.nuget\packages\system.text.encoding.codepages\8.0.0 with content hash OZIsVplFGaVY90G2SbpgU7EnCoOO5pw1t4ic21dBF3/1omrJFpAGoNAVpPyMVOC90/hvgkGG3VFqR13YgZMQfg==.
         Installed NAudio 2.2.1 from https://api.nuget.org/v3/index.json to C:\Users\runneradmin\.nuget\packages\naudio\2.2.1 with content hash c0DzwiyyklM0TP39Y7RObwO3QkWecgM6H60ikiEnsV/aEAJPbj5MFCLaD8BSfKuZe0HGuh9GRGWWlJmSxDc9MA==.
         Installed SharpGen.Runtime.COM 2.4.2-beta from https://api.nuget.org/v3/index.json to C:\Users\runneradmin\.nuget\packages\sharpgen.runtime.com\2.4.2-beta with content hash 9lxDFMiepqo3lJQzMSjECCIONeCc2f3Drokgj6HtrTLZcJSftNgcLbD6/iXYj2iphkwgrZb1oLsDOZxoFZkawQ==.
         Installed System.ValueTuple 4.5.0 from https://api.nuget.org/v3/index.json to C:\Users\runneradmin\.nuget\packages\system.valuetuple\4.5.0 with content hash okurQJO6NRE/apDIP23ajJ0hpiNmJ+f0BwOlB/cSqTLQlw5upkf+5+96+iG2Jw40G1fCVCyPz/FhIABUjMR+RQ==.
         Installed Vortice.Mathematics 2.1.0 from https://api.nuget.org/v3/index.json to C:\Users\runneradmin\.nuget\packages\vortice.mathematics\2.1.0 with content hash KK+SjNSuKdP+zbavekubi+vaeb1Jo4k87ZF6CMkVWjr6RjJwc8peVtmgzXXDIMy4ZC3ZISyk3llY3q65ISOkBQ==.
         Installed System.Text.Encodings.Web 9.0.1 from https://api.nuget.org/v3/index.json to C:\Users\runneradmin\.nuget\packages\system.text.encodings.web\9.0.1 with content hash XkspqduP2t1e1x2vBUAD/xZ5ZDvmywuUwsmB93MvyQLospJfqtX0GsR/kU0vUL2h4kmvf777z3txV2W4NrQ9Qg==.
         Installed System.Security.AccessControl 4.7.0 from https://api.nuget.org/v3/index.json to C:\Users\runneradmin\.nuget\packages\system.security.accesscontrol\4.7.0 with content hash JECvTt5aFF3WT3gHpfofL2MNNP6v84sxtXxpqhLBCcDRzqsPBmHhQ6shv4DwwN2tRlzsUxtb3G9M3763rbXKDg==.
         Installed Microsoft.Win32.Registry 4.7.0 from https://api.nuget.org/v3/index.json to C:\Users\runneradmin\.nuget\packages\microsoft.win32.registry\4.7.0 with content hash KSrRMb5vNi0CWSGG1++id2ZOs/1QhRqROt+qgbEAdQuGjGrFcl4AOl4/exGPUYz2wUnU42nvJqon1T3U0kPXLA==.
         Installed System.Security.Principal.Windows 4.7.0 from https://api.nuget.org/v3/index.json to C:\Users\runneradmin\.nuget\packages\system.security.principal.windows\4.7.0 with content hash ojD0PX0XhneCsUbAZVKdb7h/70vyYMDYs85lwEI+LngEONe/17A0cFaRFqZU+sOEidcVswYWikYOQ9PPfjlbtQ==.
         Installed System.Text.Json 9.0.1 from https://api.nuget.org/v3/index.json to C:\Users\runneradmin\.nuget\packages\system.text.json\9.0.1 with content hash eqWHDZqYPv1PvuvoIIx5pF74plL3iEOZOl/0kQP+Y0TEbtgNnM2W6k8h8EPYs+LTJZsXuWa92n5W5sHTWvE3VA==.
         Installed Newtonsoft.Json 13.0.1 from C:\Program Files (x86)\Microsoft SDKs\NuGetPackages\ to C:\Users\runneradmin\.nuget\packages\newtonsoft.json\13.0.1 with content hash ppPFpBcvxdsfUonNcvITKqLl3bqxWbDCZIzDWHzjpdAHRFfZe0Dw9HmA0+za13IdyrgJwpkDTDA9fHaxOrt20A==.
           GET https://api.nuget.org/v3/vulnerabilities/index.json
           OK https://api.nuget.org/v3/vulnerabilities/index.json 4ms
           GET https://api.nuget.org/v3-vulnerabilities/2026.09.09.23.26.42/vulnerability.base.json
           GET https://api.nuget.org/v3-vulnerabilities/2026.09.09.23.26.42/2026.09.10.17.26.46/vulnerability.update.json
           OK https://api.nuget.org/v3-vulnerabilities/2026.09.09.23.26.42/vulnerability.base.json 4ms
           OK https://api.nuget.org/v3-vulnerabilities/2026.09.09.23.26.42/2026.09.10.17.26.46/vulnerability.update.json 3ms
         Installed NETStandard.Library 2.0.3 from https://api.nuget.org/v3/index.json to C:\Users\runneradmin\.nuget\packages\netstandard.library\2.0.3 with content hash st47PosZSHrjECdjeIzZQbzivYBJFv6P2nv4cj2ypdI204DO+vZ7l5raGMiX4eXMJ53RfOIg+/s4DHVZ54Nu2A==.
         Generating MSBuild file D:\a\DJMax-Studio\DJMax-Studio\libs\UnpackMe.SDK.Standard\obj\UnpackMe.SDK.Standard.csproj.nuget.g.props.
         Generating MSBuild file D:\a\DJMax-Studio\DJMax-Studio\DJMaxEditor.Core\obj\DJMaxEditor.Core.csproj.nuget.g.props.
         Generating MSBuild file D:\a\DJMax-Studio\DJMax-Studio\libs\UnpackMe.SDK.Standard\obj\UnpackMe.SDK.Standard.csproj.nuget.g.targets.
         Generating MSBuild file D:\a\DJMax-Studio\DJMax-Studio\DJMaxEditor.Core\obj\DJMaxEditor.Core.csproj.nuget.g.targets.
         Writing assets file to disk. Path: D:\a\DJMax-Studio\DJMax-Studio\libs\UnpackMe.SDK.Standard\obj\project.assets.json
         Writing assets file to disk. Path: D:\a\DJMax-Studio\DJMax-Studio\DJMaxEditor.Core\obj\project.assets.json
         Restored D:\a\DJMax-Studio\DJMax-Studio\libs\UnpackMe.SDK.Standard\UnpackMe.SDK.Standard.csproj (in 16.58 sec).
         Restored D:\a\DJMax-Studio\DJMax-Studio\DJMaxEditor.Core\DJMaxEditor.Core.csproj (in 16.58 sec).
         Generating MSBuild file D:\a\DJMax-Studio\DJMax-Studio\DJMaxEditor.Studio\obj\DJMaxEditor.Studio.csproj.nuget.g.props.
         Generating MSBuild file D:\a\DJMax-Studio\DJMax-Studio\DJMaxEditor.Studio\obj\DJMaxEditor.Studio.csproj.nuget.g.targets.
         Writing assets file to disk. Path: D:\a\DJMax-Studio\DJMax-Studio\DJMaxEditor.Studio\obj\project.assets.json
         Restored D:\a\DJMax-Studio\DJMax-Studio\DJMaxEditor.Studio\DJMaxEditor.Studio.csproj (in 16.6 sec).
         
         NuGet Config files used:
             C:\Users\runneradmin\AppData\Roaming\NuGet\NuGet.Config
             C:\Program Files (x86)\NuGet\Config\Microsoft.VisualStudio.FallbackLocation.config
             C:\Program Files (x86)\NuGet\Config\Microsoft.VisualStudio.Offline.config
         
         Feeds used:
             https://api.nuget.org/v3/index.json
             C:\Program Files (x86)\Microsoft SDKs\NuGetPackages\
             C:\Program Files\dotnet\library-packs
         
         Installed:
             3 package(s) to D:\a\DJMax-Studio\DJMax-Studio\libs\UnpackMe.SDK.Standard\UnpackMe.SDK.Standard.csproj
             2 package(s) to D:\a\DJMax-Studio\DJMax-Studio\DJMaxEditor.Core\DJMaxEditor.Core.csproj
             26 package(s) to D:\a\DJMax-Studio\DJMax-Studio\DJMaxEditor.Studio\DJMaxEditor.Studio.csproj
     1>Done Building Project "D:\a\DJMax-Studio\DJMax-Studio\DJMaxEditor.sln" (Restore target(s)).
   1:2>Project "D:\a\DJMax-Studio\DJMax-Studio\DJMaxEditor.sln" on node 1 (default targets).
     1>ValidateSolutionConfiguration:
         Building solution configuration "Debug|Any CPU".
   1:2>Project "D:\a\DJMax-Studio\DJMax-Studio\DJMaxEditor.sln" (1:2) is building "D:\a\DJMax-Studio\DJMax-Studio\DJMaxEditor.Core\DJMaxEditor.Core.csproj" (3:7) on node 2 (default targets).
     3>PrepareForBuild:
         Creating directory "bin\Debug\netstandard2.0\".
         Creating directory "obj\Debug\netstandard2.0\".
   1:2>Project "D:\a\DJMax-Studio\DJMax-Studio\DJMaxEditor.sln" (1:2) is building "D:\a\DJMax-Studio\DJMax-Studio\DJMaxEditor.Studio\DJMaxEditor.Studio.csproj" (4:6) on node 3 (default targets).
     4>PrepareForBuild:
         Creating directory "bin\Debug\net8.0-windows\".
         Creating directory "obj\Debug\net8.0-windows\".
   1:2>Project "D:\a\DJMax-Studio\DJMax-Studio\DJMaxEditor.sln" (1:2) is building "D:\a\DJMax-Studio\DJMax-Studio\libs\UnpackMe.SDK.Standard\UnpackMe.SDK.Standard.csproj" (2:7) on node 1 (default targets).
     2>PrepareForBuild:
         Creating directory "bin\Debug\netstandard2.0\".
         Creating directory "obj\Debug\netstandard2.0\".
       _GenerateSourceLinkFile:
         Updating Source Link file 'obj\Debug\netstandard2.0\UnpackMe.SDK.Standard.sourcelink.json'.
     3>_GenerateSourceLinkFile:
         Updating Source Link file 'obj\Debug\netstandard2.0\DJMaxEditor.Core.sourcelink.json'.
     2>CoreCompile:
         Setting DOTNET_ROOT to 'C:\Program Files\dotnet'
     3>CoreCompile:
         Setting DOTNET_ROOT to 'C:\Program Files\dotnet'
     2>CoreCompile:
         C:\Program Files\dotnet\sdk\10.0.400\Roslyn\bincore\csc.exe /noconfig /unsafe- /checked- /nowarn:1701,1702,1701,1702 /fullpaths /nostdlib+ /platform:AnyCPU /errorreport:prompt /define:TRACE;DEBUG;NETSTANDARD;NETSTANDARD2_0;NETSTANDARD1_0_OR_GREATER;NETSTANDARD1_1_OR_GREATER;NETSTANDARD1_2_OR_GREATER;NETSTANDARD1_3_OR_GREATER;NETSTANDARD1_4_OR_GREATER;NETSTANDARD1_5_OR_GREATER;NETSTANDARD1_6_OR_GREATER;NETSTANDARD2_0_OR_GREATER /highentropyva+ /reference:C:\Users\runneradmin\.nuget\packages\netstandard.library\2.0.3\build\netstandard2.0\ref\Microsoft.Win32.Primitives.dll /reference:C:\Users\runneradmin\.nuget\packages\netstandard.library\2.0.3\build\netstandard2.0\ref\mscorlib.dll /reference:C:\Users\runneradmin\.nuget\packages\netstandard.library\2.0.3\build\netstandard2.0\ref\netstandard.dll /reference:C:\Users\runneradmin\.nuget\packages\newtonsoft.json\13.0.1\lib\netstandard2.0\Newtonsoft.Json.dll /reference:C:\Users\runneradmin\.nuget\packages\netstandard.library\2.0.3\build\netstandard2.0\ref\System.AppContext.dll /reference:C:\Users\runneradmin\.nuget\packages\netstandard.library\2.0.3\build\netstandard2.0\ref\System.Collections.Concurrent.dll /reference:C:\Users\runneradmin\.nuget\packages\netstandard.library\2.0.3\build\netstandard2.0\ref\System.Collections.dll /reference:C:\Users\runneradmin\.nuget\packages\netstandard.library\2.0.3\build\netstandard2.0\ref\System.Collections.NonGeneric.dll /reference:C:\Users\runneradmin\.nuget\packages\netstandard.library\2.0.3\build\netstandard2.0\ref\System.Collections.Specialized.dll /reference:C:\Users\runneradmin\.nuget\packages\netstandard.library\2.0.3\build\netstandard2.0\ref\System.ComponentModel.Composition.dll /reference:C:\Users\runneradmin\.nuget\packages\netstandard.library\2.0.3\build\netstandard2.0\ref\System.ComponentModel.dll /reference:C:\Users\runneradmin\.nuget\packages\netstandard.library\2.0.3\build\netstandard2.0\ref\System.ComponentModel.EventBasedAsync.dll /reference:C:\Users\runneradmin\.nuget\packages\netstandard.library\2.0.3\build\netstandard2.0\ref\System.ComponentModel.Primitives.dll /reference:C:\Users\runneradmin\.nuget\packages\netstandard.library\2.0.3\build\netstandard2.0\ref\System.ComponentModel.TypeConverter.dll /reference:C:\Users\runneradmin\.nuget\packages\netstandard.library\2.0.3\build\netstandard2.0\ref\System.Console.dll /reference:C:\Users\runneradmin\.nuget\packages\netstandard.library\2.0.3\build\netstandard2.0\ref\System.Core.dll /reference:C:\Users\runneradmin\.nuget\packages\netstandard.library\2.0.3\build\netstandard2.0\ref\System.Data.Common.dll /reference:C:\Users\runneradmin\.nuget\packages\netstandard.library\2.0.3\build\netstandard2.0\ref\System.Data.dll /reference:C:\Users\runneradmin\.nuget\packages\netstandard.library\2.0.3\build\netstandard2.0\ref\System.Diagnostics.Contracts.dll /reference:C:\Users\runneradmin\.nuget\packages\netstandard.library\2.0.3\build\netstandard2.0\ref\System.Diagnostics.Debug.dll /reference:C:\Users\runneradmin\.nuget\packages\netstandard.library\2.0.3\build\netstandard2.0\ref\System.Diagnostics.FileVersionInfo.dll /reference:C:\Users\runneradmin\.nuget\packages\netstandard.library\2.0.3\build\netstandard2.0\ref\System.Diagnostics.Process.dll /reference:C:\Users\runneradmin\.nuget\packages\netstandard.library\2.0.3\build\netstandard2.0\ref\System.Diagnostics.StackTrace.dll /reference:C:\Users\runneradmin\.nuget\packages\netstandard.library\2.0.3\build\netstandard2.0\ref\System.Diagnostics.TextWriterTraceListener.dll /reference:C:\Users\runneradmin\.nuget\packages\netstandard.library\2.0.3\build\netstandard2.0\ref\System.Diagnostics.Tools.dll /reference:C:\Users\runneradmin\.nuget\packages\netstandard.library\2.0.3\build\netstandard2.0\ref\System.Diagnostics.TraceSource.dll /reference:C:\Users\runneradmin\.nuget\packages\netstandard.library\2.0.3\build\netstandard2.0\ref\System.Diagnostics.Tracing.dll /reference:C:\Users\runneradmin\.nuget\packages\netstandard.library\2.0.3\build\netstandard2.0\ref\System.dll /reference:C:\Users\runneradmin\.nuget\packages\netstandard.library\2.0.3\build\netstandard2.0\ref\System.Drawing.dll /reference:C:\Users\runneradmin\.nuget\packages\netstandard.library\2.0.3\build\netstandard2.0\ref\System.Drawing.Primitives.dll /reference:C:\Users\runneradmin\.nuget\packages\netstandard.library\2.0.3\build\netstandard2.0\ref\System.Dynamic.Runtime.dll /reference:C:\Users\runneradmin\.nuget\packages\netstandard.library\2.0.3\build\netstandard2.0\ref\System.Globalization.Calendars.dll /reference:C:\Users\runneradmin\.nuget\packages\netstandard.library\2.0.3\build\netstandard2.0\ref\System.Globalization.dll /reference:C:\Users\runneradmin\.nuget\packages\netstandard.library\2.0.3\build\netstandard2.0\ref\System.Globalization.Extensions.dll /reference:C:\Users\runneradmin\.nuget\packages\netstandard.library\2.0.3\build\netstandard2.0\ref\System.IO.Compression.dll /reference:C:\Users\runneradmin\.nuget\packages\netstandard.library\2.0.3\build\netstandard2.0\ref\System.IO.Compression.FileSystem.dll /reference:C:\Users\runneradmin\.nuget\packages\netstandard.library\2.0.3\build\netstandard2.0\ref\System.IO.Compression.ZipFile.dll /reference:C:\Users\runneradmin\.nuget\packages\netstandard.library\2.0.3\build\netstandard2.0\ref\System.IO.dll /reference:C:\Users\runneradmin\.nuget\packages\netstandard.library\2.0.3\build\netstandard2.0\ref\System.IO.FileSystem.dll /reference:C:\Users\runneradmin\.nuget\packages\netstandard.library\2.0.3\build\netstandard2.0\ref\System.IO.FileSystem.DriveInfo.dll /reference:C:\Users\runneradmin\.nuget\packages\netstandard.library\2.0.3\build\netstandard2.0\ref\System.IO.FileSystem.Primitives.dll /reference:C:\Users\runneradmin\.nuget\packages\netstandard.library\2.0.3\build\netstandard2.0\ref\System.IO.FileSystem.Watcher.dll /reference:C:\Users\runneradmin\.nuget\packages\netstandard.library\2.0.3\build\netstandard2.0\ref\System.IO.IsolatedStorage.dll /reference:C:\Users\runneradmin\.nuget\packages\netstandard.library\2.0.3\build\netstandard2.0\ref\System.IO.MemoryMappedFiles.dll /reference:C:\Users\runneradmin\.nuget\packages\netstandard.library\2.0.3\build\netstandard2.0\ref\System.IO.Pipes.dll /reference:C:\Users\runneradmin\.nuget\packages\netstandard.library\2.0.3\build\netstandard2.0\ref\System.IO.UnmanagedMemoryStream.dll /reference:C:\Users\runneradmin\.nuget\packages\netstandard.library\2.0.3\build\netstandard2.0\ref\System.Linq.dll /reference:C:\Users\runneradmin\.nuget\packages\netstandard.library\2.0.3\build\netstandard2.0\ref\System.Linq.Expressions.dll /reference:C:\Users\runneradmin\.nuget\packages\netstandard.library\2.0.3\build\netstandard2.0\ref\System.Linq.Parallel.dll /reference:C:\Users\runneradmin\.nuget\packages\netstandard.library\2.0.3\build\netstandard2.0\ref\System.Linq.Queryable.dll /reference:C:\Users\runneradmin\.nuget\packages\netstandard.library\2.0.3\build\netstandard2.0\ref\System.Net.dll /reference:C:\Users\runneradmin\.nuget\packages\netstandard.library\2.0.3\build\netstandard2.0\ref\System.Net.Http.dll /reference:C:\Users\runneradmin\.nuget\packages\netstandard.library\2.0.3\build\netstandard2.0\ref\System.Net.NameResolution.dll /reference:C:\Users\runneradmin\.nuget\packages\netstandard.library\2.0.3\build\netstandard2.0\ref\System.Net.NetworkInformation.dll /reference:C:\Users\runneradmin\.nuget\packages\netstandard.library\2.0.3\build\netstandard2.0\ref\System.Net.Ping.dll /reference:C:\Users\runneradmin\.nuget\packages\netstandard.library\2.0.3\build\netstandard2.0\ref\System.Net.Primitives.dll /reference:C:\Users\runneradmin\.nuget\packages\netstandard.library\2.0.3\build\netstandard2.0\ref\System.Net.Requests.dll /reference:C:\Users\runneradmin\.nuget\packages\netstandard.library\2.0.3\build\netstandard2.0\ref\System.Net.Security.dll /reference:C:\Users\runneradmin\.nuget\packages\netstandard.library\2.0.3\build\netstandard2.0\ref\System.Net.Sockets.dll /reference:C:\Users\runneradmin\.nuget\packages\netstandard.library\2.0.3\build\netstandard2.0\ref\System.Net.WebHeaderCollection.dll /reference:C:\Users\runneradmin\.nuget\packages\netstandard.library\2.0.3\build\netstandard2.0\ref\System.Net.WebSockets.Client.dll /reference:C:\Users\runneradmin\.nuget\packages\netstandard.library\2.0.3\build\netstandard2.0\ref\System.Net.WebSockets.dll /reference:C:\Users\runneradmin\.nuget\packages\netstandard.library\2.0.3\build\netstandard2.0\ref\System.Numerics.dll /reference:C:\Users\runneradmin\.nuget\packages\netstandard.library\2.0.3\build\netstandard2.0\ref\System.ObjectModel.dll /reference:C:\Users\runneradmin\.nuget\packages\netstandard.library\2.0.3\build\netstandard2.0\ref\System.Reflection.dll /reference:C:\Users\runneradmin\.nuget\packages\netstandard.library\2.0.3\build\netstandard2.0\ref\System.Reflection.Extensions.dll /reference:C:\Users\runneradmin\.nuget\packages\netstandard.library\2.0.3\build\netstandard2.0\ref\System.Reflection.Primitives.dll /reference:C:\Users\runneradmin\.nuget\packages\netstandard.library\2.0.3\build\netstandard2.0\ref\System.Resources.Reader.dll /reference:C:\Users\runneradmin\.nuget\packages\netstandard.library\2.0.3\build\netstandard2.0\ref\System.Resources.ResourceManager.dll /reference:C:\Users\runneradmin\.nuget\packages\netstandard.library\2.0.3\build\netstandard2.0\ref\System.Resources.Writer.dll /reference:C:\Users\runneradmin\.nuget\packages\netstandard.library\2.0.3\build\netstandard2.0\ref\System.Runtime.CompilerServices.VisualC.dll /reference:C:\Users\runneradmin\.nuget\packages\netstandard.library\2.0.3\build\netstandard2.0\ref\System.Runtime.dll /reference:C:\Users\runneradmin\.nuget\packages\netstandard.library\2.0.3\build\netstandard2.0\ref\System.Runtime.Extensions.dll /reference:C:\Users\runneradmin\.nuget\packages\netstandard.library\2.0.3\build\netstandard2.0\ref\System.Runtime.Handles.dll /reference:C:\Users\runneradmin\.nuget\packages\netstandard.library\2.0.3\build\netstandard2.0\ref\System.Runtime.InteropServices.dll /reference:C:\Users\runneradmin\.nuget\packages\netstandard.library\2.0.3\build\netstandard2.0\ref\System.Runtime.InteropServices.RuntimeInformation.dll /reference:C:\Users\runneradmin\.nuget\packages\netstandard.library\2.0.3\build\netstandard2.0\ref\System.Runtime.Numerics.dll /reference:C:\Users\runneradmin\.nuget\packages\netstandard.library\2.0.3\build\netstandard2.0\ref\System.Runtime.Serialization.dll /reference:C:\Users\runneradmin\.nuget\packages\netstandard.library\2.0.3\build\netstandard2.0\ref\System.Runtime.Serialization.Formatters.dll /reference:C:\Users\runneradmin\.nuget\packages\netstandard.library\2.0.3\build\netstandard2.0\ref\System.Runtime.Serialization.Json.dll /reference:C:\Users\runneradmin\.nuget\packages\netstandard.library\2.0.3\build\netstandard2.0\ref\System.Runtime.Serialization.Primitives.dll /reference:C:\Users\runneradmin\.nuget\packages\netstandard.library\2.0.3\build\netstandard2.0\ref\System.Runtime.Serialization.Xml.dll /reference:C:\Users\runneradmin\.nuget\packages\netstandard.library\2.0.3\build\netstandard2.0\ref\System.Security.Claims.dll /reference:C:\Users\runneradmin\.nuget\packages\netstandard.library\2.0.3\build\netstandard2.0\ref\System.Security.Cryptography.Algorithms.dll /reference:C:\Users\runneradmin\.nuget\packages\netstandard.library\2.0.3\build\netstandard2.0\ref\System.Security.Cryptography.Csp.dll /reference:C:\Users\runneradmin\.nuget\packages\netstandard.library\2.0.3\build\netstandard2.0\ref\System.Security.Cryptography.Encoding.dll /reference:C:\Users\runneradmin\.nuget\packages\netstandard.library\2.0.3\build\netstandard2.0\ref\System.Security.Cryptography.Primitives.dll /reference:C:\Users\runneradmin\.nuget\packages\netstandard.library\2.0.3\build\netstandard2.0\ref\System.Security.Cryptography.X509Certificates.dll /reference:C:\Users\runneradmin\.nuget\packages\netstandard.library\2.0.3\build\netstandard2.0\ref\System.Security.Principal.dll /reference:C:\Users\runneradmin\.nuget\packages\netstandard.library\2.0.3\build\netstandard2.0\ref\System.Security.SecureString.dll /reference:C:\Users\runneradmin\.nuget\packages\netstandard.library\2.0.3\build\netstandard2.0\ref\System.ServiceModel.Web.dll /reference:C:\Users\runneradmin\.nuget\packages\netstandard.library\2.0.3\build\netstandard2.0\ref\System.Text.Encoding.dll /reference:C:\Users\runneradmin\.nuget\packages\netstandard.library\2.0.3\build\netstandard2.0\ref\System.Text.Encoding.Extensions.dll /reference:C:\Users\runneradmin\.nuget\packages\netstandard.library\2.0.3\build\netstandard2.0\ref\System.Text.RegularExpressions.dll /reference:C:\Users\runneradmin\.nuget\packages\netstandard.library\2.0.3\build\netstandard2.0\ref\System.Threading.dll /reference:C:\Users\runneradmin\.nuget\packages\netstandard.library\2.0.3\build\netstandard2.0\ref\System.Threading.Overlapped.dll /reference:C:\Users\runneradmin\.nuget\packages\netstandard.library\2.0.3\build\netstandard2.0\ref\System.Threading.Tasks.dll /reference:C:\Users\runneradmin\.nuget\packages\netstandard.library\2.0.3\build\netstandard2.0\ref\System.Threading.Tasks.Parallel.dll /reference:C:\Users\runneradmin\.nuget\packages\netstandard.library\2.0.3\build\netstandard2.0\ref\System.Threading.Thread.dll /reference:C:\Users\runneradmin\.nuget\packages\netstandard.library\2.0.3\build\netstandard2.0\ref\System.Threading.ThreadPool.dll /reference:C:\Users\runneradmin\.nuget\packages\netstandard.library\2.0.3\build\netstandard2.0\ref\System.Threading.Timer.dll /reference:C:\Users\runneradmin\.nuget\packages\netstandard.library\2.0.3\build\netstandard2.0\ref\System.Transactions.dll /reference:C:\Users\runneradmin\.nuget\packages\netstandard.library\2.0.3\build\netstandard2.0\ref\System.ValueTuple.dll /reference:C:\Users\runneradmin\.nuget\packages\netstandard.library\2.0.3\build\netstandard2.0\ref\System.Web.dll /reference:C:\Users\runneradmin\.nuget\packages\netstandard.library\2.0.3\build\netstandard2.0\ref\System.Windows.dll /reference:C:\Users\runneradmin\.nuget\packages\netstandard.library\2.0.3\build\netstandard2.0\ref\System.Xml.dll /reference:C:\Users\runneradmin\.nuget\packages\netstandard.library\2.0.3\build\netstandard2.0\ref\System.Xml.Linq.dll /reference:C:\Users\runneradmin\.nuget\packages\netstandard.library\2.0.3\build\netstandard2.0\ref\System.Xml.ReaderWriter.dll /reference:C:\Users\runneradmin\.nuget\packages\netstandard.library\2.0.3\build\netstandard2.0\ref\System.Xml.Serialization.dll /reference:C:\Users\runneradmin\.nuget\packages\netstandard.library\2.0.3\build\netstandard2.0\ref\System.Xml.XDocument.dll /reference:C:\Users\runneradmin\.nuget\packages\netstandard.library\2.0.3\build\netstandard2.0\ref\System.Xml.XmlDocument.dll /reference:C:\Users\runneradmin\.nuget\packages\netstandard.library\2.0.3\build\netstandard2.0\ref\System.Xml.XmlSerializer.dll /reference:C:\Users\runneradmin\.nuget\packages\netstandard.library\2.0.3\build\netstandard2.0\ref\System.Xml.XPath.dll /reference:C:\Users\runneradmin\.nuget\packages\netstandard.library\2.0.3\build\netstandard2.0\ref\System.Xml.XPath.XDocument.dll /debug+ /debug:portable /filealign:512 /optimize- /out:obj\Debug\netstandard2.0\UnpackMe.SDK.Standard.dll /target:library /warnaserror- /utf8output /deterministic+ /sourcelink:obj\Debug\netstandard2.0\UnpackMe.SDK.Standard.sourcelink.json /langversion:7.3 /embed:"obj\Debug\netstandard2.0\.NETStandard,Version=v2.0.AssemblyAttributes.cs" /embed:obj\Debug\netstandard2.0\UnpackMe.SDK.Standard.AssemblyInfo.cs /analyzerconfig:obj\Debug\netstandard2.0\UnpackMe.SDK.Standard.GeneratedMSBuildEditorConfig.editorconfig Exceptions\InvalidLoginException.cs Exceptions\UnpackMeException.cs Extensions\HttpContentExtensions.cs Models\CommandModel.cs Models\CreateTaskResultModel.cs Models\ErrorModel.cs Models\LoginResultModel.cs Models\TaskModel.cs Request\RequestHandler.cs UnpackMeClient.cs "obj\Debug\netstandard2.0\.NETStandard,Version=v2.0.AssemblyAttributes.cs" obj\Debug\netstandard2.0\UnpackMe.SDK.Standard.AssemblyInfo.cs /warnaserror+:NU1605
         Compilation request UnpackMe.SDK.Standard (netstandard2.0), PathToTool=C:\Program Files\dotnet\sdk\10.0.400\Roslyn\bincore\csc.exe
     3>CoreCompile:
         C:\Program Files\dotnet\sdk\10.0.400\Roslyn\bincore\csc.exe /noconfig /unsafe- /checked- /nowarn:1701,1702,1701,1702 /fullpaths /nostdlib+ /platform:AnyCPU /errorreport:prompt /define:TRACE;DEBUG;NETSTANDARD;NETSTANDARD2_0;NETSTANDARD1_0_OR_GREATER;NETSTANDARD1_1_OR_GREATER;NETSTANDARD1_2_OR_GREATER;NETSTANDARD1_3_OR_GREATER;NETSTANDARD1_4_OR_GREATER;NETSTANDARD1_5_OR_GREATER;NETSTANDARD1_6_OR_GREATER;NETSTANDARD2_0_OR_GREATER /highentropyva+ /reference:C:\Users\runneradmin\.nuget\packages\netstandard.library\2.0.3\build\netstandard2.0\ref\Microsoft.Win32.Primitives.dll /reference:C:\Users\runneradmin\.nuget\packages\netstandard.library\2.0.3\build\netstandard2.0\ref\mscorlib.dll /reference:C:\Users\runneradmin\.nuget\packages\netstandard.library\2.0.3\build\netstandard2.0\ref\netstandard.dll /reference:C:\Users\runneradmin\.nuget\packages\netstandard.library\2.0.3\build\netstandard2.0\ref\System.AppContext.dll /reference:C:\Users\runneradmin\.nuget\packages\netstandard.library\2.0.3\build\netstandard2.0\ref\System.Collections.Concurrent.dll /reference:C:\Users\runneradmin\.nuget\packages\netstandard.library\2.0.3\build\netstandard2.0\ref\System.Collections.dll /reference:C:\Users\runneradmin\.nuget\packages\netstandard.library\2.0.3\build\netstandard2.0\ref\System.Collections.NonGeneric.dll /reference:C:\Users\runneradmin\.nuget\packages\netstandard.library\2.0.3\build\netstandard2.0\ref\System.Collections.Specialized.dll /reference:C:\Users\runneradmin\.nuget\packages\netstandard.library\2.0.3\build\netstandard2.0\ref\System.ComponentModel.Composition.dll /reference:C:\Users\runneradmin\.nuget\packages\netstandard.library\2.0.3\build\netstandard2.0\ref\System.ComponentModel.dll /reference:C:\Users\runneradmin\.nuget\packages\netstandard.library\2.0.3\build\netstandard2.0\ref\System.ComponentModel.EventBasedAsync.dll /reference:C:\Users\runneradmin\.nuget\packages\netstandard.library\2.0.3\build\netstandard2.0\ref\System.ComponentModel.Primitives.dll /reference:C:\Users\runneradmin\.nuget\packages\netstandard.library\2.0.3\build\netstandard2.0\ref\System.ComponentModel.TypeConverter.dll /reference:C:\Users\runneradmin\.nuget\packages\netstandard.library\2.0.3\build\netstandard2.0\ref\System.Console.dll /reference:C:\Users\runneradmin\.nuget\packages\netstandard.library\2.0.3\build\netstandard2.0\ref\System.Core.dll /reference:C:\Users\runneradmin\.nuget\packages\netstandard.library\2.0.3\build\netstandard2.0\ref\System.Data.Common.dll /reference:C:\Users\runneradmin\.nuget\packages\netstandard.library\2.0.3\build\netstandard2.0\ref\System.Data.dll /reference:C:\Users\runneradmin\.nuget\packages\netstandard.library\2.0.3\build\netstandard2.0\ref\System.Diagnostics.Contracts.dll /reference:C:\Users\runneradmin\.nuget\packages\netstandard.library\2.0.3\build\netstandard2.0\ref\System.Diagnostics.Debug.dll /reference:C:\Users\runneradmin\.nuget\packages\netstandard.library\2.0.3\build\netstandard2.0\ref\System.Diagnostics.FileVersionInfo.dll /reference:C:\Users\runneradmin\.nuget\packages\netstandard.library\2.0.3\build\netstandard2.0\ref\System.Diagnostics.Process.dll /reference:C:\Users\runneradmin\.nuget\packages\netstandard.library\2.0.3\build\netstandard2.0\ref\System.Diagnostics.StackTrace.dll /reference:C:\Users\runneradmin\.nuget\packages\netstandard.library\2.0.3\build\netstandard2.0\ref\System.Diagnostics.TextWriterTraceListener.dll /reference:C:\Users\runneradmin\.nuget\packages\netstandard.library\2.0.3\build\netstandard2.0\ref\System.Diagnostics.Tools.dll /reference:C:\Users\runneradmin\.nuget\packages\netstandard.library\2.0.3\build\netstandard2.0\ref\System.Diagnostics.TraceSource.dll /reference:C:\Users\runneradmin\.nuget\packages\netstandard.library\2.0.3\build\netstandard2.0\ref\System.Diagnostics.Tracing.dll /reference:C:\Users\runneradmin\.nuget\packages\netstandard.library\2.0.3\build\netstandard2.0\ref\System.dll /reference:C:\Users\runneradmin\.nuget\packages\netstandard.library\2.0.3\build\netstandard2.0\ref\System.Drawing.dll /reference:C:\Users\runneradmin\.nuget\packages\netstandard.library\2.0.3\build\netstandard2.0\ref\System.Drawing.Primitives.dll /reference:C:\Users\runneradmin\.nuget\packages\netstandard.library\2.0.3\build\netstandard2.0\ref\System.Dynamic.Runtime.dll /reference:C:\Users\runneradmin\.nuget\packages\netstandard.library\2.0.3\build\netstandard2.0\ref\System.Globalization.Calendars.dll /reference:C:\Users\runneradmin\.nuget\packages\netstandard.library\2.0.3\build\netstandard2.0\ref\System.Globalization.dll /reference:C:\Users\runneradmin\.nuget\packages\netstandard.library\2.0.3\build\netstandard2.0\ref\System.Globalization.Extensions.dll /reference:C:\Users\runneradmin\.nuget\packages\netstandard.library\2.0.3\build\netstandard2.0\ref\System.IO.Compression.dll /reference:C:\Users\runneradmin\.nuget\packages\netstandard.library\2.0.3\build\netstandard2.0\ref\System.IO.Compression.FileSystem.dll /reference:C:\Users\runneradmin\.nuget\packages\netstandard.library\2.0.3\build\netstandard2.0\ref\System.IO.Compression.ZipFile.dll /reference:C:\Users\runneradmin\.nuget\packages\netstandard.library\2.0.3\build\netstandard2.0\ref\System.IO.dll /reference:C:\Users\runneradmin\.nuget\packages\netstandard.library\2.0.3\build\netstandard2.0\ref\System.IO.FileSystem.dll /reference:C:\Users\runneradmin\.nuget\packages\netstandard.library\2.0.3\build\netstandard2.0\ref\System.IO.FileSystem.DriveInfo.dll /reference:C:\Users\runneradmin\.nuget\packages\netstandard.library\2.0.3\build\netstandard2.0\ref\System.IO.FileSystem.Primitives.dll /reference:C:\Users\runneradmin\.nuget\packages\netstandard.library\2.0.3\build\netstandard2.0\ref\System.IO.FileSystem.Watcher.dll /reference:C:\Users\runneradmin\.nuget\packages\netstandard.library\2.0.3\build\netstandard2.0\ref\System.IO.IsolatedStorage.dll /reference:C:\Users\runneradmin\.nuget\packages\netstandard.library\2.0.3\build\netstandard2.0\ref\System.IO.MemoryMappedFiles.dll /reference:C:\Users\runneradmin\.nuget\packages\netstandard.library\2.0.3\build\netstandard2.0\ref\System.IO.Pipes.dll /reference:C:\Users\runneradmin\.nuget\packages\netstandard.library\2.0.3\build\netstandard2.0\ref\System.IO.UnmanagedMemoryStream.dll /reference:C:\Users\runneradmin\.nuget\packages\netstandard.library\2.0.3\build\netstandard2.0\ref\System.Linq.dll /reference:C:\Users\runneradmin\.nuget\packages\netstandard.library\2.0.3\build\netstandard2.0\ref\System.Linq.Expressions.dll /reference:C:\Users\runneradmin\.nuget\packages\netstandard.library\2.0.3\build\netstandard2.0\ref\System.Linq.Parallel.dll /reference:C:\Users\runneradmin\.nuget\packages\netstandard.library\2.0.3\build\netstandard2.0\ref\System.Linq.Queryable.dll /reference:C:\Users\runneradmin\.nuget\packages\netstandard.library\2.0.3\build\netstandard2.0\ref\System.Net.dll /reference:C:\Users\runneradmin\.nuget\packages\netstandard.library\2.0.3\build\netstandard2.0\ref\System.Net.Http.dll /reference:C:\Users\runneradmin\.nuget\packages\netstandard.library\2.0.3\build\netstandard2.0\ref\System.Net.NameResolution.dll /reference:C:\Users\runneradmin\.nuget\packages\netstandard.library\2.0.3\build\netstandard2.0\ref\System.Net.NetworkInformation.dll /reference:C:\Users\runneradmin\.nuget\packages\netstandard.library\2.0.3\build\netstandard2.0\ref\System.Net.Ping.dll /reference:C:\Users\runneradmin\.nuget\packages\netstandard.library\2.0.3\build\netstandard2.0\ref\System.Net.Primitives.dll /reference:C:\Users\runneradmin\.nuget\packages\netstandard.library\2.0.3\build\netstandard2.0\ref\System.Net.Requests.dll /reference:C:\Users\runneradmin\.nuget\packages\netstandard.library\2.0.3\build\netstandard2.0\ref\System.Net.Security.dll /reference:C:\Users\runneradmin\.nuget\packages\netstandard.library\2.0.3\build\netstandard2.0\ref\System.Net.Sockets.dll /reference:C:\Users\runneradmin\.nuget\packages\netstandard.library\2.0.3\build\netstandard2.0\ref\System.Net.WebHeaderCollection.dll /reference:C:\Users\runneradmin\.nuget\packages\netstandard.library\2.0.3\build\netstandard2.0\ref\System.Net.WebSockets.Client.dll /reference:C:\Users\runneradmin\.nuget\packages\netstandard.library\2.0.3\build\netstandard2.0\ref\System.Net.WebSockets.dll /reference:C:\Users\runneradmin\.nuget\packages\netstandard.library\2.0.3\build\netstandard2.0\ref\System.Numerics.dll /reference:C:\Users\runneradmin\.nuget\packages\netstandard.library\2.0.3\build\netstandard2.0\ref\System.ObjectModel.dll /reference:C:\Users\runneradmin\.nuget\packages\netstandard.library\2.0.3\build\netstandard2.0\ref\System.Reflection.dll /reference:C:\Users\runneradmin\.nuget\packages\netstandard.library\2.0.3\build\netstandard2.0\ref\System.Reflection.Extensions.dll /reference:C:\Users\runneradmin\.nuget\packages\netstandard.library\2.0.3\build\netstandard2.0\ref\System.Reflection.Primitives.dll /reference:C:\Users\runneradmin\.nuget\packages\netstandard.library\2.0.3\build\netstandard2.0\ref\System.Resources.Reader.dll /reference:C:\Users\runneradmin\.nuget\packages\netstandard.library\2.0.3\build\netstandard2.0\ref\System.Resources.ResourceManager.dll /reference:C:\Users\runneradmin\.nuget\packages\netstandard.library\2.0.3\build\netstandard2.0\ref\System.Resources.Writer.dll /reference:C:\Users\runneradmin\.nuget\packages\netstandard.library\2.0.3\build\netstandard2.0\ref\System.Runtime.CompilerServices.VisualC.dll /reference:C:\Users\runneradmin\.nuget\packages\netstandard.library\2.0.3\build\netstandard2.0\ref\System.Runtime.dll /reference:C:\Users\runneradmin\.nuget\packages\netstandard.library\2.0.3\build\netstandard2.0\ref\System.Runtime.Extensions.dll /reference:C:\Users\runneradmin\.nuget\packages\netstandard.library\2.0.3\build\netstandard2.0\ref\System.Runtime.Handles.dll /reference:C:\Users\runneradmin\.nuget\packages\netstandard.library\2.0.3\build\netstandard2.0\ref\System.Runtime.InteropServices.dll /reference:C:\Users\runneradmin\.nuget\packages\netstandard.library\2.0.3\build\netstandard2.0\ref\System.Runtime.InteropServices.RuntimeInformation.dll /reference:C:\Users\runneradmin\.nuget\packages\netstandard.library\2.0.3\build\netstandard2.0\ref\System.Runtime.Numerics.dll /reference:C:\Users\runneradmin\.nuget\packages\netstandard.library\2.0.3\build\netstandard2.0\ref\System.Runtime.Serialization.dll /reference:C:\Users\runneradmin\.nuget\packages\netstandard.library\2.0.3\build\netstandard2.0\ref\System.Runtime.Serialization.Formatters.dll /reference:C:\Users\runneradmin\.nuget\packages\netstandard.library\2.0.3\build\netstandard2.0\ref\System.Runtime.Serialization.Json.dll /reference:C:\Users\runneradmin\.nuget\packages\netstandard.library\2.0.3\build\netstandard2.0\ref\System.Runtime.Serialization.Primitives.dll /reference:C:\Users\runneradmin\.nuget\packages\netstandard.library\2.0.3\build\netstandard2.0\ref\System.Runtime.Serialization.Xml.dll /reference:C:\Users\runneradmin\.nuget\packages\netstandard.library\2.0.3\build\netstandard2.0\ref\System.Security.Claims.dll /reference:C:\Users\runneradmin\.nuget\packages\netstandard.library\2.0.3\build\netstandard2.0\ref\System.Security.Cryptography.Algorithms.dll /reference:C:\Users\runneradmin\.nuget\packages\netstandard.library\2.0.3\build\netstandard2.0\ref\System.Security.Cryptography.Csp.dll /reference:C:\Users\runneradmin\.nuget\packages\netstandard.library\2.0.3\build\netstandard2.0\ref\System.Security.Cryptography.Encoding.dll /reference:C:\Users\runneradmin\.nuget\packages\netstandard.library\2.0.3\build\netstandard2.0\ref\System.Security.Cryptography.Primitives.dll /reference:C:\Users\runneradmin\.nuget\packages\netstandard.library\2.0.3\build\netstandard2.0\ref\System.Security.Cryptography.X509Certificates.dll /reference:C:\Users\runneradmin\.nuget\packages\netstandard.library\2.0.3\build\netstandard2.0\ref\System.Security.Principal.dll /reference:C:\Users\runneradmin\.nuget\packages\netstandard.library\2.0.3\build\netstandard2.0\ref\System.Security.SecureString.dll /reference:C:\Users\runneradmin\.nuget\packages\netstandard.library\2.0.3\build\netstandard2.0\ref\System.ServiceModel.Web.dll /reference:C:\Users\runneradmin\.nuget\packages\netstandard.library\2.0.3\build\netstandard2.0\ref\System.Text.Encoding.dll /reference:C:\Users\runneradmin\.nuget\packages\netstandard.library\2.0.3\build\netstandard2.0\ref\System.Text.Encoding.Extensions.dll /reference:C:\Users\runneradmin\.nuget\packages\netstandard.library\2.0.3\build\netstandard2.0\ref\System.Text.RegularExpressions.dll /reference:C:\Users\runneradmin\.nuget\packages\netstandard.library\2.0.3\build\netstandard2.0\ref\System.Threading.dll /reference:C:\Users\runneradmin\.nuget\packages\netstandard.library\2.0.3\build\netstandard2.0\ref\System.Threading.Overlapped.dll /reference:C:\Users\runneradmin\.nuget\packages\netstandard.library\2.0.3\build\netstandard2.0\ref\System.Threading.Tasks.dll /reference:C:\Users\runneradmin\.nuget\packages\netstandard.library\2.0.3\build\netstandard2.0\ref\System.Threading.Tasks.Parallel.dll /reference:C:\Users\runneradmin\.nuget\packages\netstandard.library\2.0.3\build\netstandard2.0\ref\System.Threading.Thread.dll /reference:C:\Users\runneradmin\.nuget\packages\netstandard.library\2.0.3\build\netstandard2.0\ref\System.Threading.ThreadPool.dll /reference:C:\Users\runneradmin\.nuget\packages\netstandard.library\2.0.3\build\netstandard2.0\ref\System.Threading.Timer.dll /reference:C:\Users\runneradmin\.nuget\packages\netstandard.library\2.0.3\build\netstandard2.0\ref\System.Transactions.dll /reference:C:\Users\runneradmin\.nuget\packages\netstandard.library\2.0.3\build\netstandard2.0\ref\System.ValueTuple.dll /reference:C:\Users\runneradmin\.nuget\packages\netstandard.library\2.0.3\build\netstandard2.0\ref\System.Web.dll /reference:C:\Users\runneradmin\.nuget\packages\netstandard.library\2.0.3\build\netstandard2.0\ref\System.Windows.dll /reference:C:\Users\runneradmin\.nuget\packages\netstandard.library\2.0.3\build\netstandard2.0\ref\System.Xml.dll /reference:C:\Users\runneradmin\.nuget\packages\netstandard.library\2.0.3\build\netstandard2.0\ref\System.Xml.Linq.dll /reference:C:\Users\runneradmin\.nuget\packages\netstandard.library\2.0.3\build\netstandard2.0\ref\System.Xml.ReaderWriter.dll /reference:C:\Users\runneradmin\.nuget\packages\netstandard.library\2.0.3\build\netstandard2.0\ref\System.Xml.Serialization.dll /reference:C:\Users\runneradmin\.nuget\packages\netstandard.library\2.0.3\build\netstandard2.0\ref\System.Xml.XDocument.dll /reference:C:\Users\runneradmin\.nuget\packages\netstandard.library\2.0.3\build\netstandard2.0\ref\System.Xml.XmlDocument.dll /reference:C:\Users\runneradmin\.nuget\packages\netstandard.library\2.0.3\build\netstandard2.0\ref\System.Xml.XmlSerializer.dll /reference:C:\Users\runneradmin\.nuget\packages\netstandard.library\2.0.3\build\netstandard2.0\ref\System.Xml.XPath.dll /reference:C:\Users\runneradmin\.nuget\packages\netstandard.library\2.0.3\build\netstandard2.0\ref\System.Xml.XPath.XDocument.dll /debug+ /debug:portable /filealign:512 /optimize- /out:obj\Debug\netstandard2.0\DJMaxEditor.Core.dll /target:library /warnaserror- /utf8output /deterministic+ /sourcelink:obj\Debug\netstandard2.0\DJMaxEditor.Core.sourcelink.json /langversion:7.3 /embed:"obj\Debug\netstandard2.0\.NETStandard,Version=v2.0.AssemblyAttributes.cs" /embed:obj\Debug\netstandard2.0\DJMaxEditor.Core.AssemblyInfo.cs /analyzerconfig:obj\Debug\netstandard2.0\DJMaxEditor.Core.GeneratedMSBuildEditorConfig.editorconfig Documents\DocumentCapabilities.cs Documents\DocumentMutationGuard.cs Documents\EditorDocumentContext.cs Documents\EditorViewState.cs Domain\EventAttribute.cs Domain\EventData.cs Domain\EventType.cs Domain\InstrumentData.cs Domain\PlayerData.cs Domain\PlayerDataEvents.cs Domain\TrackData.cs Domain\TracksList.cs Editing\ChartClipboardService.cs Editing\ChartEditController.cs Editing\ChartSelectionService.cs Editing\TimelineInteractionState.cs FormatCapabilities\BmsMetadata.cs FormatCapabilities\ChartFormat.cs Infrastructure\Singleton.cs Undo\Action\AddEventAction.cs Undo\Action\AddInstrumentEventAction.cs Undo\Action\MoveEventAction.cs Undo\Action\MoveEventsAction.cs Undo\Action\RemoveEventAction.cs Undo\Action\RemoveInstrumentEventAction.cs Undo\Action\RenameInstrumentEventAction.cs Undo\Action\RenameTrackAction.cs Undo\Action\ResizeEventsAction.cs Undo\Action\SetEventAttributesAction.cs Undo\Action\SetEventVolumeAction.cs Undo\Action\SetSoundAction.cs Undo\Action\UndoRedoAction.cs Undo\UndoManager.cs "obj\Debug\netstandard2.0\.NETStandard,Version=v2.0.AssemblyAttributes.cs" obj\Debug\netstandard2.0\DJMaxEditor.Core.AssemblyInfo.cs /warnaserror+:NU1605
         Compilation request DJMaxEditor.Core (netstandard2.0), PathToTool=C:\Program Files\dotnet\sdk\10.0.400\Roslyn\bincore\csc.exe
     2>CoreCompile:
         CommandLine = ' /noconfig'
         BuildResponseFile = '/unsafe- /checked- /nowarn:1701,1702,1701,1702 /fullpaths /nostdlib+ /platform:AnyCPU /errorreport:prompt /define:TRACE;DEBUG;NETSTANDARD;NETSTANDARD2_0;NETSTANDARD1_0_OR_GREATER;NETSTANDARD1_1_OR_GREATER;NETSTANDARD1_2_OR_GREATER;NETSTANDARD1_3_OR_GREATER;NETSTANDARD1_4_OR_GREATER;NETSTANDARD1_5_OR_GREATER;NETSTANDARD1_6_OR_GREATER;NETSTANDARD2_0_OR_GREATER /highentropyva+ /reference:C:\Users\runneradmin\.nuget\packages\netstandard.library\2.0.3\build\netstandard2.0\ref\Microsoft.Win32.Primitives.dll /reference:C:\Users\runneradmin\.nuget\packages\netstandard.library\2.0.3\build\netstandard2.0\ref\mscorlib.dll /reference:C:\Users\runneradmin\.nuget\packages\netstandard.library\2.0.3\build\netstandard2.0\ref\netstandard.dll /reference:C:\Users\runneradmin\.nuget\packages\newtonsoft.json\13.0.1\lib\netstandard2.0\Newtonsoft.Json.dll /reference:C:\Users\runneradmin\.nuget\packages\netstandard.library\2.0.3\build\netstandard2.0\ref\System.AppContext.dll /reference:C:\Users\runneradmin\.nuget\packages\netstandard.library\2.0.3\build\netstandard2.0\ref\System.Collections.Concurrent.dll /reference:C:\Users\runneradmin\.nuget\packages\netstandard.library\2.0.3\build\netstandard2.0\ref\System.Collections.dll /reference:C:\Users\runneradmin\.nuget\packages\netstandard.library\2.0.3\build\netstandard2.0\ref\System.Collections.NonGeneric.dll /reference:C:\Users\runneradmin\.nuget\packages\netstandard.library\2.0.3\build\netstandard2.0\ref\System.Collections.Specialized.dll /reference:C:\Users\runneradmin\.nuget\packages\netstandard.library\2.0.3\build\netstandard2.0\ref\System.ComponentModel.Composition.dll /reference:C:\Users\runneradmin\.nuget\packages\netstandard.library\2.0.3\build\netstandard2.0\ref\System.ComponentModel.dll /reference:C:\Users\runneradmin\.nuget\packages\netstandard.library\2.0.3\build\netstandard2.0\ref\System.ComponentModel.EventBasedAsync.dll /reference:C:\Users\runneradmin\.nuget\packages\netstandard.library\2.0.3\build\netstandard2.0\ref\System.ComponentModel.Primitives.dll /reference:C:\Users\runneradmin\.nuget\packages\netstandard.library\2.0.3\build\netstandard2.0\ref\System.ComponentModel.TypeConverter.dll /reference:C:\Users\runneradmin\.nuget\packages\netstandard.library\2.0.3\build\netstandard2.0\ref\System.Console.dll /reference:C:\Users\runneradmin\.nuget\packages\netstandard.library\2.0.3\build\netstandard2.0\ref\System.Core.dll /reference:C:\Users\runneradmin\.nuget\packages\netstandard.library\2.0.3\build\netstandard2.0\ref\System.Data.Common.dll /reference:C:\Users\runneradmin\.nuget\packages\netstandard.library\2.0.3\build\netstandard2.0\ref\System.Data.dll /reference:C:\Users\runneradmin\.nuget\packages\netstandard.library\2.0.3\build\netstandard2.0\ref\System.Diagnostics.Contracts.dll /reference:C:\Users\runneradmin\.nuget\packages\netstandard.library\2.0.3\build\netstandard2.0\ref\System.Diagnostics.Debug.dll /reference:C:\Users\runneradmin\.nuget\packages\netstandard.library\2.0.3\build\netstandard2.0\ref\System.Diagnostics.FileVersionInfo.dll /reference:C:\Users\runneradmin\.nuget\packages\netstandard.library\2.0.3\build\netstandard2.0\ref\System.Diagnostics.Process.dll /reference:C:\Users\runneradmin\.nuget\packages\netstandard.library\2.0.3\build\netstandard2.0\ref\System.Diagnostics.StackTrace.dll /reference:C:\Users\runneradmin\.nuget\packages\netstandard.library\2.0.3\build\netstandard2.0\ref\System.Diagnostics.TextWriterTraceListener.dll /reference:C:\Users\runneradmin\.nuget\packages\netstandard.library\2.0.3\build\netstandard2.0\ref\System.Diagnostics.Tools.dll /reference:C:\Users\runneradmin\.nuget\packages\netstandard.library\2.0.3\build\netstandard2.0\ref\System.Diagnostics.TraceSource.dll /reference:C:\Users\runneradmin\.nuget\packages\netstandard.library\2.0.3\build\netstandard2.0\ref\System.Diagnostics.Tracing.dll /reference:C:\Users\runneradmin\.nuget\packages\netstandard.library\2.0.3\build\netstandard2.0\ref\System.dll /reference:C:\Users\runneradmin\.nuget\packages\netstandard.library\2.0.3\build\netstandard2.0\ref\System.Drawing.dll /reference:C:\Users\runneradmin\.nuget\packages\netstandard.library\2.0.3\build\netstandard2.0\ref\System.Drawing.Primitives.dll /reference:C:\Users\runneradmin\.nuget\packages\netstandard.library\2.0.3\build\netstandard2.0\ref\System.Dynamic.Runtime.dll /reference:C:\Users\runneradmin\.nuget\packages\netstandard.library\2.0.3\build\netstandard2.0\ref\System.Globalization.Calendars.dll /reference:C:\Users\runneradmin\.nuget\packages\netstandard.library\2.0.3\build\netstandard2.0\ref\System.Globalization.dll /reference:C:\Users\runneradmin\.nuget\packages\netstandard.library\2.0.3\build\netstandard2.0\ref\System.Globalization.Extensions.dll /reference:C:\Users\runneradmin\.nuget\packages\netstandard.library\2.0.3\build\netstandard2.0\ref\System.IO.Compression.dll /reference:C:\Users\runneradmin\.nuget\packages\netstandard.library\2.0.3\build\netstandard2.0\ref\System.IO.Compression.FileSystem.dll /reference:C:\Users\runneradmin\.nuget\packages\netstandard.library\2.0.3\build\netstandard2.0\ref\System.IO.Compression.ZipFile.dll /reference:C:\Users\runneradmin\.nuget\packages\netstandard.library\2.0.3\build\netstandard2.0\ref\System.IO.dll /reference:C:\Users\runneradmin\.nuget\packages\netstandard.library\2.0.3\build\netstandard2.0\ref\System.IO.FileSystem.dll /reference:C:\Users\runneradmin\.nuget\packages\netstandard.library\2.0.3\build\netstandard2.0\ref\System.IO.FileSystem.DriveInfo.dll /reference:C:\Users\runneradmin\.nuget\packages\netstandard.library\2.0.3\build\netstandard2.0\ref\System.IO.FileSystem.Primitives.dll /reference:C:\Users\runneradmin\.nuget\packages\netstandard.library\2.0.3\build\netstandard2.0\ref\System.IO.FileSystem.Watcher.dll /reference:C:\Users\runneradmin\.nuget\packages\netstandard.library\2.0.3\build\netstandard2.0\ref\System.IO.IsolatedStorage.dll /reference:C:\Users\runneradmin\.nuget\packages\netstandard.library\2.0.3\build\netstandard2.0\ref\System.IO.MemoryMappedFiles.dll /reference:C:\Users\runneradmin\.nuget\packages\netstandard.library\2.0.3\build\netstandard2.0\ref\System.IO.Pipes.dll /reference:C:\Users\runneradmin\.nuget\packages\netstandard.library\2.0.3\build\netstandard2.0\ref\System.IO.UnmanagedMemoryStream.dll /reference:C:\Users\runneradmin\.nuget\packages\netstandard.library\2.0.3\build\netstandard2.0\ref\System.Linq.dll /reference:C:\Users\runneradmin\.nuget\packages\netstandard.library\2.0.3\build\netstandard2.0\ref\System.Linq.Expressions.dll /reference:C:\Users\runneradmin\.nuget\packages\netstandard.library\2.0.3\build\netstandard2.0\ref\System.Linq.Parallel.dll /reference:C:\Users\runneradmin\.nuget\packages\netstandard.library\2.0.3\build\netstandard2.0\ref\System.Linq.Queryable.dll /reference:C:\Users\runneradmin\.nuget\packages\netstandard.library\2.0.3\build\netstandard2.0\ref\System.Net.dll /reference:C:\Users\runneradmin\.nuget\packages\netstandard.library\2.0.3\build\netstandard2.0\ref\System.Net.Http.dll /reference:C:\Users\runneradmin\.nuget\packages\netstandard.library\2.0.3\build\netstandard2.0\ref\System.Net.NameResolution.dll /reference:C:\Users\runneradmin\.nuget\packages\netstandard.library\2.0.3\build\netstandard2.0\ref\System.Net.NetworkInformation.dll /reference:C:\Users\runneradmin\.nuget\packages\netstandard.library\2.0.3\build\netstandard2.0\ref\System.Net.Ping.dll /reference:C:\Users\runneradmin\.nuget\packages\netstandard.library\2.0.3\build\netstandard2.0\ref\System.Net.Primitives.dll /reference:C:\Users\runneradmin\.nuget\packages\netstandard.library\2.0.3\build\netstandard2.0\ref\System.Net.Requests.dll /reference:C:\Users\runneradmin\.nuget\packages\netstandard.library\2.0.3\build\netstandard2.0\ref\System.Net.Security.dll /reference:C:\Users\runneradmin\.nuget\packages\netstandard.library\2.0.3\build\netstandard2.0\ref\System.Net.Sockets.dll /reference:C:\Users\runneradmin\.nuget\packages\netstandard.library\2.0.3\build\netstandard2.0\ref\System.Net.WebHeaderCollection.dll /reference:C:\Users\runneradmin\.nuget\packages\netstandard.library\2.0.3\build\netstandard2.0\ref\System.Net.WebSockets.Client.dll /reference:C:\Users\runneradmin\.nuget\packages\netstandard.library\2.0.3\build\netstandard2.0\ref\System.Net.WebSockets.dll /reference:C:\Users\runneradmin\.nuget\packages\netstandard.library\2.0.3\build\netstandard2.0\ref\System.Numerics.dll /reference:C:\Users\runneradmin\.nuget\packages\netstandard.library\2.0.3\build\netstandard2.0\ref\System.ObjectModel.dll /reference:C:\Users\runneradmin\.nuget\packages\netstandard.library\2.0.3\build\netstandard2.0\ref\System.Reflection.dll /reference:C:\Users\runneradmin\.nuget\packages\netstandard.library\2.0.3\build\netstandard2.0\ref\System.Reflection.Extensions.dll /reference:C:\Users\runneradmin\.nuget\packages\netstandard.library\2.0.3\build\netstandard2.0\ref\System.Reflection.Primitives.dll /reference:C:\Users\runneradmin\.nuget\packages\netstandard.library\2.0.3\build\netstandard2.0\ref\System.Resources.Reader.dll /reference:C:\Users\runneradmin\.nuget\packages\netstandard.library\2.0.3\build\netstandard2.0\ref\System.Resources.ResourceManager.dll /reference:C:\Users\runneradmin\.nuget\packages\netstandard.library\2.0.3\build\netstandard2.0\ref\System.Resources.Writer.dll /reference:C:\Users\runneradmin\.nuget\packages\netstandard.library\2.0.3\build\netstandard2.0\ref\System.Runtime.CompilerServices.VisualC.dll /reference:C:\Users\runneradmin\.nuget\packages\netstandard.library\2.0.3\build\netstandard2.0\ref\System.Runtime.dll /reference:C:\Users\runneradmin\.nuget\packages\netstandard.library\2.0.3\build\netstandard2.0\ref\System.Runtime.Extensions.dll /reference:C:\Users\runneradmin\.nuget\packages\netstandard.library\2.0.3\build\netstandard2.0\ref\System.Runtime.Handles.dll /reference:C:\Users\runneradmin\.nuget\packages\netstandard.library\2.0.3\build\netstandard2.0\ref\System.Runtime.InteropServices.dll /reference:C:\Users\runneradmin\.nuget\packages\netstandard.library\2.0.3\build\netstandard2.0\ref\System.Runtime.InteropServices.RuntimeInformation.dll /reference:C:\Users\runneradmin\.nuget\packages\netstandard.library\2.0.3\build\netstandard2.0\ref\System.Runtime.Numerics.dll /reference:C:\Users\runneradmin\.nuget\packages\netstandard.library\2.0.3\build\netstandard2.0\ref\System.Runtime.Serialization.dll /reference:C:\Users\runneradmin\.nuget\packages\netstandard.library\2.0.3\build\netstandard2.0\ref\System.Runtime.Serialization.Formatters.dll /reference:C:\Users\runneradmin\.nuget\packages\netstandard.library\2.0.3\build\netstandard2.0\ref\System.Runtime.Serialization.Json.dll /reference:C:\Users\runneradmin\.nuget\packages\netstandard.library\2.0.3\build\netstandard2.0\ref\System.Runtime.Serialization.Primitives.dll /reference:C:\Users\runneradmin\.nuget\packages\netstandard.library\2.0.3\build\netstandard2.0\ref\System.Runtime.Serialization.Xml.dll /reference:C:\Users\runneradmin\.nuget\packages\netstandard.library\2.0.3\build\netstandard2.0\ref\System.Security.Claims.dll /reference:C:\Users\runneradmin\.nuget\packages\netstandard.library\2.0.3\build\netstandard2.0\ref\System.Security.Cryptography.Algorithms.dll /reference:C:\Users\runneradmin\.nuget\packages\netstandard.library\2.0.3\build\netstandard2.0\ref\System.Security.Cryptography.Csp.dll /reference:C:\Users\runneradmin\.nuget\packages\netstandard.library\2.0.3\build\netstandard2.0\ref\System.Security.Cryptography.Encoding.dll /reference:C:\Users\runneradmin\.nuget\packages\netstandard.library\2.0.3\build\netstandard2.0\ref\System.Security.Cryptography.Primitives.dll /reference:C:\Users\runneradmin\.nuget\packages\netstandard.library\2.0.3\build\netstandard2.0\ref\System.Security.Cryptography.X509Certificates.dll /reference:C:\Users\runneradmin\.nuget\packages\netstandard.library\2.0.3\build\netstandard2.0\ref\System.Security.Principal.dll /reference:C:\Users\runneradmin\.nuget\packages\netstandard.library\2.0.3\build\netstandard2.0\ref\System.Security.SecureString.dll /reference:C:\Users\runneradmin\.nuget\packages\netstandard.library\2.0.3\build\netstandard2.0\ref\System.ServiceModel.Web.dll /reference:C:\Users\runneradmin\.nuget\packages\netstandard.library\2.0.3\build\netstandard2.0\ref\System.Text.Encoding.dll /reference:C:\Users\runneradmin\.nuget\packages\netstandard.library\2.0.3\build\netstandard2.0\ref\System.Text.Encoding.Extensions.dll /reference:C:\Users\runneradmin\.nuget\packages\netstandard.library\2.0.3\build\netstandard2.0\ref\System.Text.RegularExpressions.dll /reference:C:\Users\runneradmin\.nuget\packages\netstandard.library\2.0.3\build\netstandard2.0\ref\System.Threading.dll /reference:C:\Users\runneradmin\.nuget\packages\netstandard.library\2.0.3\build\netstandard2.0\ref\System.Threading.Overlapped.dll /reference:C:\Users\runneradmin\.nuget\packages\netstandard.library\2.0.3\build\netstandard2.0\ref\System.Threading.Tasks.dll /reference:C:\Users\runneradmin\.nuget\packages\netstandard.library\2.0.3\build\netstandard2.0\ref\System.Threading.Tasks.Parallel.dll /reference:C:\Users\runneradmin\.nuget\packages\netstandard.library\2.0.3\build\netstandard2.0\ref\System.Threading.Thread.dll /reference:C:\Users\runneradmin\.nuget\packages\netstandard.library\2.0.3\build\netstandard2.0\ref\System.Threading.ThreadPool.dll /reference:C:\Users\runneradmin\.nuget\packages\netstandard.library\2.0.3\build\netstandard2.0\ref\System.Threading.Timer.dll /reference:C:\Users\runneradmin\.nuget\packages\netstandard.library\2.0.3\build\netstandard2.0\ref\System.Transactions.dll /reference:C:\Users\runneradmin\.nuget\packages\netstandard.library\2.0.3\build\netstandard2.0\ref\System.ValueTuple.dll /reference:C:\Users\runneradmin\.nuget\packages\netstandard.library\2.0.3\build\netstandard2.0\ref\System.Web.dll /reference:C:\Users\runneradmin\.nuget\packages\netstandard.library\2.0.3\build\netstandard2.0\ref\System.Windows.dll /reference:C:\Users\runneradmin\.nuget\packages\netstandard.library\2.0.3\build\netstandard2.0\ref\System.Xml.dll /reference:C:\Users\runneradmin\.nuget\packages\netstandard.library\2.0.3\build\netstandard2.0\ref\System.Xml.Linq.dll /reference:C:\Users\runneradmin\.nuget\packages\netstandard.library\2.0.3\build\netstandard2.0\ref\System.Xml.ReaderWriter.dll /reference:C:\Users\runneradmin\.nuget\packages\netstandard.library\2.0.3\build\netstandard2.0\ref\System.Xml.Serialization.dll /reference:C:\Users\runneradmin\.nuget\packages\netstandard.library\2.0.3\build\netstandard2.0\ref\System.Xml.XDocument.dll /reference:C:\Users\runneradmin\.nuget\packages\netstandard.library\2.0.3\build\netstandard2.0\ref\System.Xml.XmlDocument.dll /reference:C:\Users\runneradmin\.nuget\packages\netstandard.library\2.0.3\build\netstandard2.0\ref\System.Xml.XmlSerializer.dll /reference:C:\Users\runneradmin\.nuget\packages\netstandard.library\2.0.3\build\netstandard2.0\ref\System.Xml.XPath.dll /reference:C:\Users\runneradmin\.nuget\packages\netstandard.library\2.0.3\build\netstandard2.0\ref\System.Xml.XPath.XDocument.dll /debug+ /debug:portable /filealign:512 /optimize- /out:obj\Debug\netstandard2.0\UnpackMe.SDK.Standard.dll /target:library /warnaserror- /utf8output /deterministic+ /sourcelink:obj\Debug\netstandard2.0\UnpackMe.SDK.Standard.sourcelink.json /langversion:7.3 /embed:"obj\Debug\netstandard2.0\.NETStandard,Version=v2.0.AssemblyAttributes.cs" /embed:obj\Debug\netstandard2.0\UnpackMe.SDK.Standard.AssemblyInfo.cs /analyzerconfig:obj\Debug\netstandard2.0\UnpackMe.SDK.Standard.GeneratedMSBuildEditorConfig.editorconfig Exceptions\InvalidLoginException.cs Exceptions\UnpackMeException.cs Extensions\HttpContentExtensions.cs Models\CommandModel.cs Models\CreateTaskResultModel.cs Models\ErrorModel.cs Models\LoginResultModel.cs Models\TaskModel.cs Request\RequestHandler.cs UnpackMeClient.cs "obj\Debug\netstandard2.0\.NETStandard,Version=v2.0.AssemblyAttributes.cs" obj\Debug\netstandard2.0\UnpackMe.SDK.Standard.AssemblyInfo.cs /warnaserror+:NU1605'
     3>CoreCompile:
         CommandLine = ' /noconfig'
         BuildResponseFile = '/unsafe- /checked- /nowarn:1701,1702,1701,1702 /fullpaths /nostdlib+ /platform:AnyCPU /errorreport:prompt /define:TRACE;DEBUG;NETSTANDARD;NETSTANDARD2_0;NETSTANDARD1_0_OR_GREATER;NETSTANDARD1_1_OR_GREATER;NETSTANDARD1_2_OR_GREATER;NETSTANDARD1_3_OR_GREATER;NETSTANDARD1_4_OR_GREATER;NETSTANDARD1_5_OR_GREATER;NETSTANDARD1_6_OR_GREATER;NETSTANDARD2_0_OR_GREATER /highentropyva+ /reference:C:\Users\runneradmin\.nuget\packages\netstandard.library\2.0.3\build\netstandard2.0\ref\Microsoft.Win32.Primitives.dll /reference:C:\Users\runneradmin\.nuget\packages\netstandard.library\2.0.3\build\netstandard2.0\ref\mscorlib.dll /reference:C:\Users\runneradmin\.nuget\packages\netstandard.library\2.0.3\build\netstandard2.0\ref\netstandard.dll /reference:C:\Users\runneradmin\.nuget\packages\netstandard.library\2.0.3\build\netstandard2.0\ref\System.AppContext.dll /reference:C:\Users\runneradmin\.nuget\packages\netstandard.library\2.0.3\build\netstandard2.0\ref\System.Collections.Concurrent.dll /reference:C:\Users\runneradmin\.nuget\packages\netstandard.library\2.0.3\build\netstandard2.0\ref\System.Collections.dll /reference:C:\Users\runneradmin\.nuget\packages\netstandard.library\2.0.3\build\netstandard2.0\ref\System.Collections.NonGeneric.dll /reference:C:\Users\runneradmin\.nuget\packages\netstandard.library\2.0.3\build\netstandard2.0\ref\System.Collections.Specialized.dll /reference:C:\Users\runneradmin\.nuget\packages\netstandard.library\2.0.3\build\netstandard2.0\ref\System.ComponentModel.Composition.dll /reference:C:\Users\runneradmin\.nuget\packages\netstandard.library\2.0.3\build\netstandard2.0\ref\System.ComponentModel.dll /reference:C:\Users\runneradmin\.nuget\packages\netstandard.library\2.0.3\build\netstandard2.0\ref\System.ComponentModel.EventBasedAsync.dll /reference:C:\Users\runneradmin\.nuget\packages\netstandard.library\2.0.3\build\netstandard2.0\ref\System.ComponentModel.Primitives.dll /reference:C:\Users\runneradmin\.nuget\packages\netstandard.library\2.0.3\build\netstandard2.0\ref\System.ComponentModel.TypeConverter.dll /reference:C:\Users\runneradmin\.nuget\packages\netstandard.library\2.0.3\build\netstandard2.0\ref\System.Console.dll /reference:C:\Users\runneradmin\.nuget\packages\netstandard.library\2.0.3\build\netstandard2.0\ref\System.Core.dll /reference:C:\Users\runneradmin\.nuget\packages\netstandard.library\2.0.3\build\netstandard2.0\ref\System.Data.Common.dll /reference:C:\Users\runneradmin\.nuget\packages\netstandard.library\2.0.3\build\netstandard2.0\ref\System.Data.dll /reference:C:\Users\runneradmin\.nuget\packages\netstandard.library\2.0.3\build\netstandard2.0\ref\System.Diagnostics.Contracts.dll /reference:C:\Users\runneradmin\.nuget\packages\netstandard.library\2.0.3\build\netstandard2.0\ref\System.Diagnostics.Debug.dll /reference:C:\Users\runneradmin\.nuget\packages\netstandard.library\2.0.3\build\netstandard2.0\ref\System.Diagnostics.FileVersionInfo.dll /reference:C:\Users\runneradmin\.nuget\packages\netstandard.library\2.0.3\build\netstandard2.0\ref\System.Diagnostics.Process.dll /reference:C:\Users\runneradmin\.nuget\packages\netstandard.library\2.0.3\build\netstandard2.0\ref\System.Diagnostics.StackTrace.dll /reference:C:\Users\runneradmin\.nuget\packages\netstandard.library\2.0.3\build\netstandard2.0\ref\System.Diagnostics.TextWriterTraceListener.dll /reference:C:\Users\runneradmin\.nuget\packages\netstandard.library\2.0.3\build\netstandard2.0\ref\System.Diagnostics.Tools.dll /reference:C:\Users\runneradmin\.nuget\packages\netstandard.library\2.0.3\build\netstandard2.0\ref\System.Diagnostics.TraceSource.dll /reference:C:\Users\runneradmin\.nuget\packages\netstandard.library\2.0.3\build\netstandard2.0\ref\System.Diagnostics.Tracing.dll /reference:C:\Users\runneradmin\.nuget\packages\netstandard.library\2.0.3\build\netstandard2.0\ref\System.dll /reference:C:\Users\runneradmin\.nuget\packages\netstandard.library\2.0.3\build\netstandard2.0\ref\System.Drawing.dll /reference:C:\Users\runneradmin\.nuget\packages\netstandard.library\2.0.3\build\netstandard2.0\ref\System.Drawing.Primitives.dll /reference:C:\Users\runneradmin\.nuget\packages\netstandard.library\2.0.3\build\netstandard2.0\ref\System.Dynamic.Runtime.dll /reference:C:\Users\runneradmin\.nuget\packages\netstandard.library\2.0.3\build\netstandard2.0\ref\System.Globalization.Calendars.dll /reference:C:\Users\runneradmin\.nuget\packages\netstandard.library\2.0.3\build\netstandard2.0\ref\System.Globalization.dll /reference:C:\Users\runneradmin\.nuget\packages\netstandard.library\2.0.3\build\netstandard2.0\ref\System.Globalization.Extensions.dll /reference:C:\Users\runneradmin\.nuget\packages\netstandard.library\2.0.3\build\netstandard2.0\ref\System.IO.Compression.dll /reference:C:\Users\runneradmin\.nuget\packages\netstandard.library\2.0.3\build\netstandard2.0\ref\System.IO.Compression.FileSystem.dll /reference:C:\Users\runneradmin\.nuget\packages\netstandard.library\2.0.3\build\netstandard2.0\ref\System.IO.Compression.ZipFile.dll /reference:C:\Users\runneradmin\.nuget\packages\netstandard.library\2.0.3\build\netstandard2.0\ref\System.IO.dll /reference:C:\Users\runneradmin\.nuget\packages\netstandard.library\2.0.3\build\netstandard2.0\ref\System.IO.FileSystem.dll /reference:C:\Users\runneradmin\.nuget\packages\netstandard.library\2.0.3\build\netstandard2.0\ref\System.IO.FileSystem.DriveInfo.dll /reference:C:\Users\runneradmin\.nuget\packages\netstandard.library\2.0.3\build\netstandard2.0\ref\System.IO.FileSystem.Primitives.dll /reference:C:\Users\runneradmin\.nuget\packages\netstandard.library\2.0.3\build\netstandard2.0\ref\System.IO.FileSystem.Watcher.dll /reference:C:\Users\runneradmin\.nuget\packages\netstandard.library\2.0.3\build\netstandard2.0\ref\System.IO.IsolatedStorage.dll /reference:C:\Users\runneradmin\.nuget\packages\netstandard.library\2.0.3\build\netstandard2.0\ref\System.IO.MemoryMappedFiles.dll /reference:C:\Users\runneradmin\.nuget\packages\netstandard.library\2.0.3\build\netstandard2.0\ref\System.IO.Pipes.dll /reference:C:\Users\runneradmin\.nuget\packages\netstandard.library\2.0.3\build\netstandard2.0\ref\System.IO.UnmanagedMemoryStream.dll /reference:C:\Users\runneradmin\.nuget\packages\netstandard.library\2.0.3\build\netstandard2.0\ref\System.Linq.dll /reference:C:\Users\runneradmin\.nuget\packages\netstandard.library\2.0.3\build\netstandard2.0\ref\System.Linq.Expressions.dll /reference:C:\Users\runneradmin\.nuget\packages\netstandard.library\2.0.3\build\netstandard2.0\ref\System.Linq.Parallel.dll /reference:C:\Users\runneradmin\.nuget\packages\netstandard.library\2.0.3\build\netstandard2.0\ref\System.Linq.Queryable.dll /reference:C:\Users\runneradmin\.nuget\packages\netstandard.library\2.0.3\build\netstandard2.0\ref\System.Net.dll /reference:C:\Users\runneradmin\.nuget\packages\netstandard.library\2.0.3\build\netstandard2.0\ref\System.Net.Http.dll /reference:C:\Users\runneradmin\.nuget\packages\netstandard.library\2.0.3\build\netstandard2.0\ref\System.Net.NameResolution.dll /reference:C:\Users\runneradmin\.nuget\packages\netstandard.library\2.0.3\build\netstandard2.0\ref\System.Net.NetworkInformation.dll /reference:C:\Users\runneradmin\.nuget\packages\netstandard.library\2.0.3\build\netstandard2.0\ref\System.Net.Ping.dll /reference:C:\Users\runneradmin\.nuget\packages\netstandard.library\2.0.3\build\netstandard2.0\ref\System.Net.Primitives.dll /reference:C:\Users\runneradmin\.nuget\packages\netstandard.library\2.0.3\build\netstandard2.0\ref\System.Net.Requests.dll /reference:C:\Users\runneradmin\.nuget\packages\netstandard.library\2.0.3\build\netstandard2.0\ref\System.Net.Security.dll /reference:C:\Users\runneradmin\.nuget\packages\netstandard.library\2.0.3\build\netstandard2.0\ref\System.Net.Sockets.dll /reference:C:\Users\runneradmin\.nuget\packages\netstandard.library\2.0.3\build\netstandard2.0\ref\System.Net.WebHeaderCollection.dll /reference:C:\Users\runneradmin\.nuget\packages\netstandard.library\2.0.3\build\netstandard2.0\ref\System.Net.WebSockets.Client.dll /reference:C:\Users\runneradmin\.nuget\packages\netstandard.library\2.0.3\build\netstandard2.0\ref\System.Net.WebSockets.dll /reference:C:\Users\runneradmin\.nuget\packages\netstandard.library\2.0.3\build\netstandard2.0\ref\System.Numerics.dll /reference:C:\Users\runneradmin\.nuget\packages\netstandard.library\2.0.3\build\netstandard2.0\ref\System.ObjectModel.dll /reference:C:\Users\runneradmin\.nuget\packages\netstandard.library\2.0.3\build\netstandard2.0\ref\System.Reflection.dll /reference:C:\Users\runneradmin\.nuget\packages\netstandard.library\2.0.3\build\netstandard2.0\ref\System.Reflection.Extensions.dll /reference:C:\Users\runneradmin\.nuget\packages\netstandard.library\2.0.3\build\netstandard2.0\ref\System.Reflection.Primitives.dll /reference:C:\Users\runneradmin\.nuget\packages\netstandard.library\2.0.3\build\netstandard2.0\ref\System.Resources.Reader.dll /reference:C:\Users\runneradmin\.nuget\packages\netstandard.library\2.0.3\build\netstandard2.0\ref\System.Resources.ResourceManager.dll /reference:C:\Users\runneradmin\.nuget\packages\netstandard.library\2.0.3\build\netstandard2.0\ref\System.Resources.Writer.dll /reference:C:\Users\runneradmin\.nuget\packages\netstandard.library\2.0.3\build\netstandard2.0\ref\System.Runtime.CompilerServices.VisualC.dll /reference:C:\Users\runneradmin\.nuget\packages\netstandard.library\2.0.3\build\netstandard2.0\ref\System.Runtime.dll /reference:C:\Users\runneradmin\.nuget\packages\netstandard.library\2.0.3\build\netstandard2.0\ref\System.Runtime.Extensions.dll /reference:C:\Users\runneradmin\.nuget\packages\netstandard.library\2.0.3\build\netstandard2.0\ref\System.Runtime.Handles.dll /reference:C:\Users\runneradmin\.nuget\packages\netstandard.library\2.0.3\build\netstandard2.0\ref\System.Runtime.InteropServices.dll /reference:C:\Users\runneradmin\.nuget\packages\netstandard.library\2.0.3\build\netstandard2.0\ref\System.Runtime.InteropServices.RuntimeInformation.dll /reference:C:\Users\runneradmin\.nuget\packages\netstandard.library\2.0.3\build\netstandard2.0\ref\System.Runtime.Numerics.dll /reference:C:\Users\runneradmin\.nuget\packages\netstandard.library\2.0.3\build\netstandard2.0\ref\System.Runtime.Serialization.dll /reference:C:\Users\runneradmin\.nuget\packages\netstandard.library\2.0.3\build\netstandard2.0\ref\System.Runtime.Serialization.Formatters.dll /reference:C:\Users\runneradmin\.nuget\packages\netstandard.library\2.0.3\build\netstandard2.0\ref\System.Runtime.Serialization.Json.dll /reference:C:\Users\runneradmin\.nuget\packages\netstandard.library\2.0.3\build\netstandard2.0\ref\System.Runtime.Serialization.Primitives.dll /reference:C:\Users\runneradmin\.nuget\packages\netstandard.library\2.0.3\build\netstandard2.0\ref\System.Runtime.Serialization.Xml.dll /reference:C:\Users\runneradmin\.nuget\packages\netstandard.library\2.0.3\build\netstandard2.0\ref\System.Security.Claims.dll /reference:C:\Users\runneradmin\.nuget\packages\netstandard.library\2.0.3\build\netstandard2.0\ref\System.Security.Cryptography.Algorithms.dll /reference:C:\Users\runneradmin\.nuget\packages\netstandard.library\2.0.3\build\netstandard2.0\ref\System.Security.Cryptography.Csp.dll /reference:C:\Users\runneradmin\.nuget\packages\netstandard.library\2.0.3\build\netstandard2.0\ref\System.Security.Cryptography.Encoding.dll /reference:C:\Users\runneradmin\.nuget\packages\netstandard.library\2.0.3\build\netstandard2.0\ref\System.Security.Cryptography.Primitives.dll /reference:C:\Users\runneradmin\.nuget\packages\netstandard.library\2.0.3\build\netstandard2.0\ref\System.Security.Cryptography.X509Certificates.dll /reference:C:\Users\runneradmin\.nuget\packages\netstandard.library\2.0.3\build\netstandard2.0\ref\System.Security.Principal.dll /reference:C:\Users\runneradmin\.nuget\packages\netstandard.library\2.0.3\build\netstandard2.0\ref\System.Security.SecureString.dll /reference:C:\Users\runneradmin\.nuget\packages\netstandard.library\2.0.3\build\netstandard2.0\ref\System.ServiceModel.Web.dll /reference:C:\Users\runneradmin\.nuget\packages\netstandard.library\2.0.3\build\netstandard2.0\ref\System.Text.Encoding.dll /reference:C:\Users\runneradmin\.nuget\packages\netstandard.library\2.0.3\build\netstandard2.0\ref\System.Text.Encoding.Extensions.dll /reference:C:\Users\runneradmin\.nuget\packages\netstandard.library\2.0.3\build\netstandard2.0\ref\System.Text.RegularExpressions.dll /reference:C:\Users\runneradmin\.nuget\packages\netstandard.library\2.0.3\build\netstandard2.0\ref\System.Threading.dll /reference:C:\Users\runneradmin\.nuget\packages\netstandard.library\2.0.3\build\netstandard2.0\ref\System.Threading.Overlapped.dll /reference:C:\Users\runneradmin\.nuget\packages\netstandard.library\2.0.3\build\netstandard2.0\ref\System.Threading.Tasks.dll /reference:C:\Users\runneradmin\.nuget\packages\netstandard.library\2.0.3\build\netstandard2.0\ref\System.Threading.Tasks.Parallel.dll /reference:C:\Users\runneradmin\.nuget\packages\netstandard.library\2.0.3\build\netstandard2.0\ref\System.Threading.Thread.dll /reference:C:\Users\runneradmin\.nuget\packages\netstandard.library\2.0.3\build\netstandard2.0\ref\System.Threading.ThreadPool.dll /reference:C:\Users\runneradmin\.nuget\packages\netstandard.library\2.0.3\build\netstandard2.0\ref\System.Threading.Timer.dll /reference:C:\Users\runneradmin\.nuget\packages\netstandard.library\2.0.3\build\netstandard2.0\ref\System.Transactions.dll /reference:C:\Users\runneradmin\.nuget\packages\netstandard.library\2.0.3\build\netstandard2.0\ref\System.ValueTuple.dll /reference:C:\Users\runneradmin\.nuget\packages\netstandard.library\2.0.3\build\netstandard2.0\ref\System.Web.dll /reference:C:\Users\runneradmin\.nuget\packages\netstandard.library\2.0.3\build\netstandard2.0\ref\System.Windows.dll /reference:C:\Users\runneradmin\.nuget\packages\netstandard.library\2.0.3\build\netstandard2.0\ref\System.Xml.dll /reference:C:\Users\runneradmin\.nuget\packages\netstandard.library\2.0.3\build\netstandard2.0\ref\System.Xml.Linq.dll /reference:C:\Users\runneradmin\.nuget\packages\netstandard.library\2.0.3\build\netstandard2.0\ref\System.Xml.ReaderWriter.dll /reference:C:\Users\runneradmin\.nuget\packages\netstandard.library\2.0.3\build\netstandard2.0\ref\System.Xml.Serialization.dll /reference:C:\Users\runneradmin\.nuget\packages\netstandard.library\2.0.3\build\netstandard2.0\ref\System.Xml.XDocument.dll /reference:C:\Users\runneradmin\.nuget\packages\netstandard.library\2.0.3\build\netstandard2.0\ref\System.Xml.XmlDocument.dll /reference:C:\Users\runneradmin\.nuget\packages\netstandard.library\2.0.3\build\netstandard2.0\ref\System.Xml.XmlSerializer.dll /reference:C:\Users\runneradmin\.nuget\packages\netstandard.library\2.0.3\build\netstandard2.0\ref\System.Xml.XPath.dll /reference:C:\Users\runneradmin\.nuget\packages\netstandard.library\2.0.3\build\netstandard2.0\ref\System.Xml.XPath.XDocument.dll /debug+ /debug:portable /filealign:512 /optimize- /out:obj\Debug\netstandard2.0\DJMaxEditor.Core.dll /target:library /warnaserror- /utf8output /deterministic+ /sourcelink:obj\Debug\netstandard2.0\DJMaxEditor.Core.sourcelink.json /langversion:7.3 /embed:"obj\Debug\netstandard2.0\.NETStandard,Version=v2.0.AssemblyAttributes.cs" /embed:obj\Debug\netstandard2.0\DJMaxEditor.Core.AssemblyInfo.cs /analyzerconfig:obj\Debug\netstandard2.0\DJMaxEditor.Core.GeneratedMSBuildEditorConfig.editorconfig Documents\DocumentCapabilities.cs Documents\DocumentMutationGuard.cs Documents\EditorDocumentContext.cs Documents\EditorViewState.cs Domain\EventAttribute.cs Domain\EventData.cs Domain\EventType.cs Domain\InstrumentData.cs Domain\PlayerData.cs Domain\PlayerDataEvents.cs Domain\TrackData.cs Domain\TracksList.cs Editing\ChartClipboardService.cs Editing\ChartEditController.cs Editing\ChartSelectionService.cs Editing\TimelineInteractionState.cs FormatCapabilities\BmsMetadata.cs FormatCapabilities\ChartFormat.cs Infrastructure\Singleton.cs Undo\Action\AddEventAction.cs Undo\Action\AddInstrumentEventAction.cs Undo\Action\MoveEventAction.cs Undo\Action\MoveEventsAction.cs Undo\Action\RemoveEventAction.cs Undo\Action\RemoveInstrumentEventAction.cs Undo\Action\RenameInstrumentEventAction.cs Undo\Action\RenameTrackAction.cs Undo\Action\ResizeEventsAction.cs Undo\Action\SetEventAttributesAction.cs Undo\Action\SetEventVolumeAction.cs Undo\Action\SetSoundAction.cs Undo\Action\UndoRedoAction.cs Undo\UndoManager.cs "obj\Debug\netstandard2.0\.NETStandard,Version=v2.0.AssemblyAttributes.cs" obj\Debug\netstandard2.0\DJMaxEditor.Core.AssemblyInfo.cs /warnaserror+:NU1605'
     2>CoreCompile:
         Attempting to create process 'C:\Program Files\dotnet\sdk\10.0.400\Roslyn\bincore\VBCSCompiler.exe' "-pipename:JCKgKtUd1nhrpuiXraj22AP7YKYZhNJwkH7wqc5icmU"
         Setting DOTNET_ROOT to 'C:\Program Files\dotnet'
         Successfully created process with process id 5716
         Attempt to open named pipe 'JCKgKtUd1nhrpuiXraj22AP7YKYZhNJwkH7wqc5icmU'
         Attempt to connect named pipe 'JCKgKtUd1nhrpuiXraj22AP7YKYZhNJwkH7wqc5icmU'
     3>CoreCompile:
         Attempting to create process 'C:\Program Files\dotnet\sdk\10.0.400\Roslyn\bincore\VBCSCompiler.exe' "-pipename:JCKgKtUd1nhrpuiXraj22AP7YKYZhNJwkH7wqc5icmU"
         Setting DOTNET_ROOT to 'C:\Program Files\dotnet'
         Successfully created process with process id 2740
         Attempt to open named pipe 'JCKgKtUd1nhrpuiXraj22AP7YKYZhNJwkH7wqc5icmU'
         Attempt to connect named pipe 'JCKgKtUd1nhrpuiXraj22AP7YKYZhNJwkH7wqc5icmU'
     2>CoreCompile:
         Named pipe 'JCKgKtUd1nhrpuiXraj22AP7YKYZhNJwkH7wqc5icmU' connected
         Begin writing request for UnpackMe.SDK.Standard (netstandard2.0)
     3>CoreCompile:
         Named pipe 'JCKgKtUd1nhrpuiXraj22AP7YKYZhNJwkH7wqc5icmU' connected
         Begin writing request for DJMaxEditor.Core (netstandard2.0)
     2>CoreCompile:
         End writing request for UnpackMe.SDK.Standard (netstandard2.0)
         Begin reading response for UnpackMe.SDK.Standard (netstandard2.0)
     3>CoreCompile:
         End writing request for DJMaxEditor.Core (netstandard2.0)
         Begin reading response for DJMaxEditor.Core (netstandard2.0)
         End reading response for DJMaxEditor.Core (netstandard2.0)
         CompilerServer: server - server processed compilation - DJMaxEditor.Core (netstandard2.0)
     2>CoreCompile:
         End reading response for UnpackMe.SDK.Standard (netstandard2.0)
     2>D:\a\DJMax-Studio\DJMax-Studio\libs\UnpackMe.SDK.Standard\Models\CreateTaskResultModel.cs(9,23): warning CS0649: Field 'CreateTaskResultModel.TaskId' is never assigned to, and will always have its default value null [D:\a\DJMax-Studio\DJMax-Studio\libs\UnpackMe.SDK.Standard\UnpackMe.SDK.Standard.csproj]
         CompilerServer: server - server processed compilation - UnpackMe.SDK.Standard (netstandard2.0)
       _CopyFilesMarkedCopyLocal:
         Copying file from "C:\Users\runneradmin\.nuget\packages\newtonsoft.json\13.0.1\lib\netstandard2.0\Newtonsoft.Json.dll" to "D:\a\DJMax-Studio\DJMax-Studio\libs\UnpackMe.SDK.Standard\bin\Debug\netstandard2.0\Newtonsoft.Json.dll".
         Creating "D:\a\DJMax-Studio\DJMax-Studio\libs\UnpackMe.SDK.Standard\obj\Debug\netstandard2.0\UnpackMe.E6C9E105.Up2Date" because "AlwaysCreate" was specified.
         Touching "D:\a\DJMax-Studio\DJMax-Studio\libs\UnpackMe.SDK.Standard\obj\Debug\netstandard2.0\UnpackMe.E6C9E105.Up2Date".
     3>CopyFilesToOutputDirectory:
         Copying file from "D:\a\DJMax-Studio\DJMax-Studio\DJMaxEditor.Core\obj\Debug\netstandard2.0\DJMaxEditor.Core.dll" to "D:\a\DJMax-Studio\DJMax-Studio\DJMaxEditor.Core\bin\Debug\netstandard2.0\DJMaxEditor.Core.dll".
         DJMaxEditor.Core -> D:\a\DJMax-Studio\DJMax-Studio\DJMaxEditor.Core\bin\Debug\netstandard2.0\DJMaxEditor.Core.dll
         Copying file from "D:\a\DJMax-Studio\DJMax-Studio\DJMaxEditor.Core\obj\Debug\netstandard2.0\DJMaxEditor.Core.pdb" to "D:\a\DJMax-Studio\DJMax-Studio\DJMaxEditor.Core\bin\Debug\netstandard2.0\DJMaxEditor.Core.pdb".
     2>CopyFilesToOutputDirectory:
         Copying file from "D:\a\DJMax-Studio\DJMax-Studio\libs\UnpackMe.SDK.Standard\obj\Debug\netstandard2.0\UnpackMe.SDK.Standard.dll" to "D:\a\DJMax-Studio\DJMax-Studio\libs\UnpackMe.SDK.Standard\bin\Debug\netstandard2.0\UnpackMe.SDK.Standard.dll".
         UnpackMe.SDK.Standard -> D:\a\DJMax-Studio\DJMax-Studio\libs\UnpackMe.SDK.Standard\bin\Debug\netstandard2.0\UnpackMe.SDK.Standard.dll
         Copying file from "D:\a\DJMax-Studio\DJMax-Studio\libs\UnpackMe.SDK.Standard\obj\Debug\netstandard2.0\UnpackMe.SDK.Standard.pdb" to "D:\a\DJMax-Studio\DJMax-Studio\libs\UnpackMe.SDK.Standard\bin\Debug\netstandard2.0\UnpackMe.SDK.Standard.pdb".
     2>Done Building Project "D:\a\DJMax-Studio\DJMax-Studio\libs\UnpackMe.SDK.Standard\UnpackMe.SDK.Standard.csproj" (default targets).
     3>Done Building Project "D:\a\DJMax-Studio\DJMax-Studio\DJMaxEditor.Core\DJMaxEditor.Core.csproj" (default targets).
     4>GenerateTemporaryTargetAssembly:
         Copying file from "D:\a\DJMax-Studio\DJMax-Studio\DJMaxEditor.Studio\obj\DJMaxEditor.Studio.csproj.nuget.g.props" to "D:\a\DJMax-Studio\DJMax-Studio\DJMaxEditor.Studio\obj\DJMaxEditor.Studio_ncklcy1g_wpftmp.csproj.nuget.g.props".
         Copying file from "D:\a\DJMax-Studio\DJMax-Studio\DJMaxEditor.Studio\obj\DJMaxEditor.Studio.csproj.nuget.g.targets" to "D:\a\DJMax-Studio\DJMax-Studio\DJMaxEditor.Studio\obj\DJMaxEditor.Studio_ncklcy1g_wpftmp.csproj.nuget.g.targets".
         Copying file from "D:\a\DJMax-Studio\DJMax-Studio\DJMaxEditor.Studio\obj\DJMaxEditor.Studio.csproj.nuget.dgspec.json" to "D:\a\DJMax-Studio\DJMax-Studio\DJMaxEditor.Studio\obj\DJMaxEditor.Studio_ncklcy1g_wpftmp.csproj.nuget.dgspec.json".
   4:6>Project "D:\a\DJMax-Studio\DJMax-Studio\DJMaxEditor.Studio\DJMaxEditor.Studio.csproj" (4:6) is building "D:\a\DJMax-Studio\DJMax-Studio\DJMaxEditor.Studio\DJMaxEditor.Studio_ncklcy1g_wpftmp.csproj" (5) on node 1 (_CompileTemporaryAssembly target(s)).
     5>CoreGenerateAssemblyInfo:
         Could not infer the type of parameter "_Parameter1" because the attribute type "System.Runtime.CompilerServices.InternalsVisibleTo" is unknown. The value will be treated as a string.
       _GenerateSourceLinkFile:
         Updating Source Link file 'obj\Debug\net8.0-windows\DJMaxEditor.Studio_ncklcy1g_wpftmp.sourcelink.json'.
       CoreCompile:
         Setting DOTNET_ROOT to 'C:\Program Files\dotnet'
         C:\Program Files\dotnet\sdk\10.0.400\Roslyn\bincore\csc.exe /noconfig /unsafe- /checked- /nowarn:1701,1702,CS0169,CS0649,CA1416,1701,1702,8002 /fullpaths /nostdlib+ /platform:AnyCPU /errorreport:prompt /warn:8 /define:TRACE;DEBUG;NET;NET8_0;NETCOREAPP;WINDOWS;WINDOWS7_0;NET5_0_OR_GREATER;NET6_0_OR_GREATER;NET7_0_OR_GREATER;NET8_0_OR_GREATER;NETCOREAPP1_0_OR_GREATER;NETCOREAPP1_1_OR_GREATER;NETCOREAPP2_0_OR_GREATER;NETCOREAPP2_1_OR_GREATER;NETCOREAPP2_2_OR_GREATER;NETCOREAPP3_0_OR_GREATER;NETCOREAPP3_1_OR_GREATER;WINDOWS7_0_OR_GREATER /highentropyva+ /nullable:disable /reference:"C:\Program Files\dotnet\packs\Microsoft.WindowsDesktop.App.Ref\8.0.30\ref\net8.0\Accessibility.dll" /reference:D:\a\DJMax-Studio\DJMax-Studio\DJMaxEditor.Core\bin\Debug\netstandard2.0\DJMaxEditor.Core.dll /reference:"C:\Program Files\dotnet\packs\Microsoft.NETCore.App.Ref\8.0.30\ref\net8.0\Microsoft.CSharp.dll" /reference:"C:\Program Files\dotnet\packs\Microsoft.NETCore.App.Ref\8.0.30\ref\net8.0\Microsoft.VisualBasic.Core.dll" /reference:"C:\Program Files\dotnet\packs\Microsoft.WindowsDesktop.App.Ref\8.0.30\ref\net8.0\Microsoft.VisualBasic.dll" /reference:"C:\Program Files\dotnet\packs\Microsoft.WindowsDesktop.App.Ref\8.0.30\ref\net8.0\Microsoft.VisualBasic.Forms.dll" /reference:"C:\Program Files\dotnet\packs\Microsoft.NETCore.App.Ref\8.0.30\ref\net8.0\Microsoft.Win32.Primitives.dll" /reference:"C:\Program Files\dotnet\packs\Microsoft.WindowsDesktop.App.Ref\8.0.30\ref\net8.0\Microsoft.Win32.Registry.AccessControl.dll" /reference:"C:\Program Files\dotnet\packs\Microsoft.NETCore.App.Ref\8.0.30\ref\net8.0\Microsoft.Win32.Registry.dll" /reference:"C:\Program Files\dotnet\packs\Microsoft.WindowsDesktop.App.Ref\8.0.30\ref\net8.0\Microsoft.Win32.SystemEvents.dll" /reference:"C:\Program Files\dotnet\packs\Microsoft.NETCore.App.Ref\8.0.30\ref\net8.0\mscorlib.dll" /reference:C:\Users\runneradmin\.nuget\packages\naudio.asio\2.2.1\lib\netstandard2.0\NAudio.Asio.dll /reference:C:\Users\runneradmin\.nuget\packages\naudio.core\2.2.1\lib\netstandard2.0\NAudio.Core.dll /reference:C:\Users\runneradmin\.nuget\packages\naudio\2.2.1\lib\net6.0-windows7.0\NAudio.dll /reference:C:\Users\runneradmin\.nuget\packages\naudio.midi\2.2.1\lib\netstandard2.0\NAudio.Midi.dll /reference:C:\Users\runneradmin\.nuget\packages\naudio.vorbis\1.5.0\lib\netstandard2.0\NAudio.Vorbis.dll /reference:C:\Users\runneradmin\.nuget\packages\naudio.wasapi\2.2.1\lib\netstandard2.0\NAudio.Wasapi.dll /reference:C:\Users\runneradmin\.nuget\packages\naudio.winforms\2.2.1\lib\netcoreapp3.1\NAudio.WinForms.dll /reference:C:\Users\runneradmin\.nuget\packages\naudio.winmm\2.2.1\lib\netstandard2.0\NAudio.WinMM.dll /reference:"C:\Program Files\dotnet\packs\Microsoft.NETCore.App.Ref\8.0.30\ref\net8.0\netstandard.dll" /reference:C:\Users\runneradmin\.nuget\packages\newtonsoft.json\13.0.1\lib\netstandard2.0\Newtonsoft.Json.dll /reference:C:\Users\runneradmin\.nuget\packages\nvorbis\0.10.4\lib\netstandard2.0\NVorbis.dll /reference:"C:\Program Files\dotnet\packs\Microsoft.WindowsDesktop.App.Ref\8.0.30\ref\net8.0\PresentationCore.dll" /reference:"C:\Program Files\dotnet\packs\Microsoft.WindowsDesktop.App.Ref\8.0.30\ref\net8.0\PresentationFramework.Aero.dll" /reference:"C:\Program Files\dotnet\packs\Microsoft.WindowsDesktop.App.Ref\8.0.30\ref\net8.0\PresentationFramework.Aero2.dll" /reference:"C:\Program Files\dotnet\packs\Microsoft.WindowsDesktop.App.Ref\8.0.30\ref\net8.0\PresentationFramework.AeroLite.dll" /reference:"C:\Program Files\dotnet\packs\Microsoft.WindowsDesktop.App.Ref\8.0.30\ref\net8.0\PresentationFramework.Classic.dll" /reference:"C:\Program Files\dotnet\packs\Microsoft.WindowsDesktop.App.Ref\8.0.30\ref\net8.0\PresentationFramework.dll" /reference:"C:\Program Files\dotnet\packs\Microsoft.WindowsDesktop.App.Ref\8.0.30\ref\net8.0\PresentationFramework.Luna.dll" /reference:"C:\Program Files\dotnet\packs\Microsoft.WindowsDesktop.App.Ref\8.0.30\ref\net8.0\PresentationFramework.Royale.dll" /reference:"C:\Program Files\dotnet\packs\Microsoft.WindowsDesktop.App.Ref\8.0.30\ref\net8.0\PresentationUI.dll" /reference:"C:\Program Files\dotnet\packs\Microsoft.WindowsDesktop.App.Ref\8.0.30\ref\net8.0\ReachFramework.dll" /reference:C:\Users\runneradmin\.nuget\packages\sharpgen.runtime.com\2.4.2-beta\lib\net8.0\SharpGen.Runtime.COM.dll /reference:C:\Users\runneradmin\.nuget\packages\sharpgen.runtime\2.4.2-beta\lib\net8.0\SharpGen.Runtime.dll /reference:"C:\Program Files\dotnet\packs\Microsoft.NETCore.App.Ref\8.0.30\ref\net8.0\System.AppContext.dll" /reference:"C:\Program Files\dotnet\packs\Microsoft.NETCore.App.Ref\8.0.30\ref\net8.0\System.Buffers.dll" /reference:"C:\Program Files\dotnet\packs\Microsoft.WindowsDesktop.App.Ref\8.0.30\ref\net8.0\System.CodeDom.dll" /reference:"C:\Program Files\dotnet\packs\Microsoft.NETCore.App.Ref\8.0.30\ref\net8.0\System.Collections.Concurrent.dll" /reference:"C:\Program Files\dotnet\packs\Microsoft.NETCore.App.Ref\8.0.30\ref\net8.0\System.Collections.dll" /reference:"C:\Program Files\dotnet\packs\Microsoft.NETCore.App.Ref\8.0.30\ref\net8.0\System.Collections.Immutable.dll" /reference:"C:\Program Files\dotnet\packs\Microsoft.NETCore.App.Ref\8.0.30\ref\net8.0\System.Collections.NonGeneric.dll" /reference:"C:\Program Files\dotnet\packs\Microsoft.NETCore.App.Ref\8.0.30\ref\net8.0\System.Collections.Specialized.dll" /reference:"C:\Program Files\dotnet\packs\Microsoft.NETCore.App.Ref\8.0.30\ref\net8.0\System.ComponentModel.Annotations.dll" /reference:"C:\Program Files\dotnet\packs\Microsoft.NETCore.App.Ref\8.0.30\ref\net8.0\System.ComponentModel.DataAnnotations.dll" /reference:"C:\Program Files\dotnet\packs\Microsoft.NETCore.App.Ref\8.0.30\ref\net8.0\System.ComponentModel.dll" /reference:"C:\Program Files\dotnet\packs\Microsoft.NETCore.App.Ref\8.0.30\ref\net8.0\System.ComponentModel.EventBasedAsync.dll" /reference:"C:\Program Files\dotnet\packs\Microsoft.NETCore.App.Ref\8.0.30\ref\net8.0\System.ComponentModel.Primitives.dll" /reference:"C:\Program Files\dotnet\packs\Microsoft.NETCore.App.Ref\8.0.30\ref\net8.0\System.ComponentModel.TypeConverter.dll" /reference:"C:\Program Files\dotnet\packs\Microsoft.WindowsDesktop.App.Ref\8.0.30\ref\net8.0\System.Configuration.ConfigurationManager.dll" /reference:"C:\Program Files\dotnet\packs\Microsoft.NETCore.App.Ref\8.0.30\ref\net8.0\System.Configuration.dll" /reference:"C:\Program Files\dotnet\packs\Microsoft.NETCore.App.Ref\8.0.30\ref\net8.0\System.Console.dll" /reference:"C:\Program Files\dotnet\packs\Microsoft.NETCore.App.Ref\8.0.30\ref\net8.0\System.Core.dll" /reference:"C:\Program Files\dotnet\packs\Microsoft.NETCore.App.Ref\8.0.30\ref\net8.0\System.Data.Common.dll" /reference:"C:\Program Files\dotnet\packs\Microsoft.NETCore.App.Ref\8.0.30\ref\net8.0\System.Data.DataSetExtensions.dll" /reference:"C:\Program Files\dotnet\packs\Microsoft.NETCore.App.Ref\8.0.30\ref\net8.0\System.Data.dll" /reference:"C:\Program Files\dotnet\packs\Microsoft.WindowsDesktop.App.Ref\8.0.30\ref\net8.0\System.Design.dll" /reference:"C:\Program Files\dotnet\packs\Microsoft.NETCore.App.Ref\8.0.30\ref\net8.0\System.Diagnostics.Contracts.dll" /reference:"C:\Program Files\dotnet\packs\Microsoft.NETCore.App.Ref\8.0.30\ref\net8.0\System.Diagnostics.Debug.dll" /reference:"C:\Program Files\dotnet\packs\Microsoft.NETCore.App.Ref\8.0.30\ref\net8.0\System.Diagnostics.DiagnosticSource.dll" /reference:"C:\Program Files\dotnet\packs\Microsoft.WindowsDesktop.App.Ref\8.0.30\ref\net8.0\System.Diagnostics.EventLog.dll" /reference:"C:\Program Files\dotnet\packs\Microsoft.NETCore.App.Ref\8.0.30\ref\net8.0\System.Diagnostics.FileVersionInfo.dll" /reference:"C:\Program Files\dotnet\packs\Microsoft.WindowsDesktop.App.Ref\8.0.30\ref\net8.0\System.Diagnostics.PerformanceCounter.dll" /reference:"C:\Program Files\dotnet\packs\Microsoft.NETCore.App.Ref\8.0.30\ref\net8.0\System.Diagnostics.Process.dll" /reference:"C:\Program Files\dotnet\packs\Microsoft.NETCore.App.Ref\8.0.30\ref\net8.0\System.Diagnostics.StackTrace.dll" /reference:"C:\Program Files\dotnet\packs\Microsoft.NETCore.App.Ref\8.0.30\ref\net8.0\System.Diagnostics.TextWriterTraceListener.dll" /reference:"C:\Program Files\dotnet\packs\Microsoft.NETCore.App.Ref\8.0.30\ref\net8.0\System.Diagnostics.Tools.dll" /reference:"C:\Program Files\dotnet\packs\Microsoft.NETCore.App.Ref\8.0.30\ref\net8.0\System.Diagnostics.TraceSource.dll" /reference:"C:\Program Files\dotnet\packs\Microsoft.NETCore.App.Ref\8.0.30\ref\net8.0\System.Diagnostics.Tracing.dll" /reference:"C:\Program Files\dotnet\packs\Microsoft.WindowsDesktop.App.Ref\8.0.30\ref\net8.0\System.DirectoryServices.dll" /reference:"C:\Program Files\dotnet\packs\Microsoft.NETCore.App.Ref\8.0.30\ref\net8.0\System.dll" /reference:"C:\Program Files\dotnet\packs\Microsoft.WindowsDesktop.App.Ref\8.0.30\ref\net8.0\System.Drawing.Common.dll" /reference:"C:\Program Files\dotnet\packs\Microsoft.WindowsDesktop.App.Ref\8.0.30\ref\net8.0\System.Drawing.Design.dll" /reference:"C:\Program Files\dotnet\packs\Microsoft.WindowsDesktop.App.Ref\8.0.30\ref\net8.0\System.Drawing.dll" /reference:"C:\Program Files\dotnet\packs\Microsoft.NETCore.App.Ref\8.0.30\ref\net8.0\System.Drawing.Primitives.dll" /reference:"C:\Program Files\dotnet\packs\Microsoft.NETCore.App.Ref\8.0.30\ref\net8.0\System.Dynamic.Runtime.dll" /reference:"C:\Program Files\dotnet\packs\Microsoft.NETCore.App.Ref\8.0.30\ref\net8.0\System.Formats.Asn1.dll" /reference:"C:\Program Files\dotnet\packs\Microsoft.NETCore.App.Ref\8.0.30\ref\net8.0\System.Formats.Tar.dll" /reference:"C:\Program Files\dotnet\packs\Microsoft.NETCore.App.Ref\8.0.30\ref\net8.0\System.Globalization.Calendars.dll" /reference:"C:\Program Files\dotnet\packs\Microsoft.NETCore.App.Ref\8.0.30\ref\net8.0\System.Globalization.dll" /reference:"C:\Program Files\dotnet\packs\Microsoft.NETCore.App.Ref\8.0.30\ref\net8.0\System.Globalization.Extensions.dll" /reference:"C:\Program Files\dotnet\packs\Microsoft.NETCore.App.Ref\8.0.30\ref\net8.0\System.IO.Compression.Brotli.dll" /reference:"C:\Program Files\dotnet\packs\Microsoft.NETCore.App.Ref\8.0.30\ref\net8.0\System.IO.Compression.dll" /reference:"C:\Program Files\dotnet\packs\Microsoft.NETCore.App.Ref\8.0.30\ref\net8.0\System.IO.Compression.FileSystem.dll" /reference:"C:\Program Files\dotnet\packs\Microsoft.NETCore.App.Ref\8.0.30\ref\net8.0\System.IO.Compression.ZipFile.dll" /reference:"C:\Program Files\dotnet\packs\Microsoft.NETCore.App.Ref\8.0.30\ref\net8.0\System.IO.dll" /reference:"C:\Program Files\dotnet\packs\Microsoft.NETCore.App.Ref\8.0.30\ref\net8.0\System.IO.FileSystem.AccessControl.dll" /reference:"C:\Program Files\dotnet\packs\Microsoft.NETCore.App.Ref\8.0.30\ref\net8.0\System.IO.FileSystem.dll" /reference:"C:\Program Files\dotnet\packs\Microsoft.NETCore.App.Ref\8.0.30\ref\net8.0\System.IO.FileSystem.DriveInfo.dll" /reference:"C:\Program Files\dotnet\packs\Microsoft.NETCore.App.Ref\8.0.30\ref\net8.0\System.IO.FileSystem.Primitives.dll" /reference:"C:\Program Files\dotnet\packs\Microsoft.NETCore.App.Ref\8.0.30\ref\net8.0\System.IO.FileSystem.Watcher.dll" /reference:"C:\Program Files\dotnet\packs\Microsoft.NETCore.App.Ref\8.0.30\ref\net8.0\System.IO.IsolatedStorage.dll" /reference:"C:\Program Files\dotnet\packs\Microsoft.NETCore.App.Ref\8.0.30\ref\net8.0\System.IO.MemoryMappedFiles.dll" /reference:"C:\Program Files\dotnet\packs\Microsoft.WindowsDesktop.App.Ref\8.0.30\ref\net8.0\System.IO.Packaging.dll" /reference:C:\Users\runneradmin\.nuget\packages\system.io.pipelines\9.0.1\lib\net8.0\System.IO.Pipelines.dll /reference:"C:\Program Files\dotnet\packs\Microsoft.NETCore.App.Ref\8.0.30\ref\net8.0\System.IO.Pipes.AccessControl.dll" /reference:"C:\Program Files\dotnet\packs\Microsoft.NETCore.App.Ref\8.0.30\ref\net8.0\System.IO.Pipes.dll" /reference:"C:\Program Files\dotnet\packs\Microsoft.NETCore.App.Ref\8.0.30\ref\net8.0\System.IO.UnmanagedMemoryStream.dll" /reference:"C:\Program Files\dotnet\packs\Microsoft.NETCore.App.Ref\8.0.30\ref\net8.0\System.Linq.dll" /reference:"C:\Program Files\dotnet\packs\Microsoft.NETCore.App.Ref\8.0.30\ref\net8.0\System.Linq.Expressions.dll" /reference:"C:\Program Files\dotnet\packs\Microsoft.NETCore.App.Ref\8.0.30\ref\net8.0\System.Linq.Parallel.dll" /reference:"C:\Program Files\dotnet\packs\Microsoft.NETCore.App.Ref\8.0.30\ref\net8.0\System.Linq.Queryable.dll" /reference:"C:\Program Files\dotnet\packs\Microsoft.NETCore.App.Ref\8.0.30\ref\net8.0\System.Memory.dll" /reference:"C:\Program Files\dotnet\packs\Microsoft.NETCore.App.Ref\8.0.30\ref\net8.0\System.Net.dll" /reference:"C:\Program Files\dotnet\packs\Microsoft.NETCore.App.Ref\8.0.30\ref\net8.0\System.Net.Http.dll" /reference:"C:\Program Files\dotnet\packs\Microsoft.NETCore.App.Ref\8.0.30\ref\net8.0\System.Net.Http.Json.dll" /reference:"C:\Program Files\dotnet\packs\Microsoft.NETCore.App.Ref\8.0.30\ref\net8.0\System.Net.HttpListener.dll" /reference:"C:\Program Files\dotnet\packs\Microsoft.NETCore.App.Ref\8.0.30\ref\net8.0\System.Net.Mail.dll" /reference:"C:\Program Files\dotnet\packs\Microsoft.NETCore.App.Ref\8.0.30\ref\net8.0\System.Net.NameResolution.dll" /reference:"C:\Program Files\dotnet\packs\Microsoft.NETCore.App.Ref\8.0.30\ref\net8.0\System.Net.NetworkInformation.dll" /reference:"C:\Program Files\dotnet\packs\Microsoft.NETCore.App.Ref\8.0.30\ref\net8.0\System.Net.Ping.dll" /reference:"C:\Program Files\dotnet\packs\Microsoft.NETCore.App.Ref\8.0.30\ref\net8.0\System.Net.Primitives.dll" /reference:"C:\Program Files\dotnet\packs\Microsoft.NETCore.App.Ref\8.0.30\ref\net8.0\System.Net.Quic.dll" /reference:"C:\Program Files\dotnet\packs\Microsoft.NETCore.App.Ref\8.0.30\ref\net8.0\System.Net.Requests.dll" /reference:"C:\Program Files\dotnet\packs\Microsoft.NETCore.App.Ref\8.0.30\ref\net8.0\System.Net.Security.dll" /reference:"C:\Program Files\dotnet\packs\Microsoft.NETCore.App.Ref\8.0.30\ref\net8.0\System.Net.ServicePoint.dll" /reference:"C:\Program Files\dotnet\packs\Microsoft.NETCore.App.Ref\8.0.30\ref\net8.0\System.Net.Sockets.dll" /reference:"C:\Program Files\dotnet\packs\Microsoft.NETCore.App.Ref\8.0.30\ref\net8.0\System.Net.WebClient.dll" /reference:"C:\Program Files\dotnet\packs\Microsoft.NETCore.App.Ref\8.0.30\ref\net8.0\System.Net.WebHeaderCollection.dll" /reference:"C:\Program Files\dotnet\packs\Microsoft.NETCore.App.Ref\8.0.30\ref\net8.0\System.Net.WebProxy.dll" /reference:"C:\Program Files\dotnet\packs\Microsoft.NETCore.App.Ref\8.0.30\ref\net8.0\System.Net.WebSockets.Client.dll" /reference:"C:\Program Files\dotnet\packs\Microsoft.NETCore.App.Ref\8.0.30\ref\net8.0\System.Net.WebSockets.dll" /reference:"C:\Program Files\dotnet\packs\Microsoft.NETCore.App.Ref\8.0.30\ref\net8.0\System.Numerics.dll" /reference:"C:\Program Files\dotnet\packs\Microsoft.NETCore.App.Ref\8.0.30\ref\net8.0\System.Numerics.Vectors.dll" /reference:"C:\Program Files\dotnet\packs\Microsoft.NETCore.App.Ref\8.0.30\ref\net8.0\System.ObjectModel.dll" /reference:"C:\Program Files\dotnet\packs\Microsoft.WindowsDesktop.App.Ref\8.0.30\ref\net8.0\System.Printing.dll" /reference:"C:\Program Files\dotnet\packs\Microsoft.NETCore.App.Ref\8.0.30\ref\net8.0\System.Reflection.DispatchProxy.dll" /reference:"C:\Program Files\dotnet\packs\Microsoft.NETCore.App.Ref\8.0.30\ref\net8.0\System.Reflection.dll" /reference:"C:\Program Files\dotnet\packs\Microsoft.NETCore.App.Ref\8.0.30\ref\net8.0\System.Reflection.Emit.dll" /reference:"C:\Program Files\dotnet\packs\Microsoft.NETCore.App.Ref\8.0.30\ref\net8.0\System.Reflection.Emit.ILGeneration.dll" /reference:"C:\Program Files\dotnet\packs\Microsoft.NETCore.App.Ref\8.0.30\ref\net8.0\System.Reflection.Emit.Lightweight.dll" /reference:"C:\Program Files\dotnet\packs\Microsoft.NETCore.App.Ref\8.0.30\ref\net8.0\System.Reflection.Extensions.dll" /reference:"C:\Program Files\dotnet\packs\Microsoft.NETCore.App.Ref\8.0.30\ref\net8.0\System.Reflection.Metadata.dll" /reference:"C:\Program Files\dotnet\packs\Microsoft.NETCore.App.Ref\8.0.30\ref\net8.0\System.Reflection.Primitives.dll" /reference:"C:\Program Files\dotnet\packs\Microsoft.NETCore.App.Ref\8.0.30\ref\net8.0\System.Reflection.TypeExtensions.dll" /reference:"C:\Program Files\dotnet\packs\Microsoft.WindowsDesktop.App.Ref\8.0.30\ref\net8.0\System.Resources.Extensions.dll" /reference:"C:\Program Files\dotnet\packs\Microsoft.NETCore.App.Ref\8.0.30\ref\net8.0\System.Resources.Reader.dll" /reference:"C:\Program Files\dotnet\packs\Microsoft.NETCore.App.Ref\8.0.30\ref\net8.0\System.Resources.ResourceManager.dll" /reference:"C:\Program Files\dotnet\packs\Microsoft.NETCore.App.Ref\8.0.30\ref\net8.0\System.Resources.Writer.dll" /reference:"C:\Program Files\dotnet\packs\Microsoft.NETCore.App.Ref\8.0.30\ref\net8.0\System.Runtime.CompilerServices.Unsafe.dll" /reference:"C:\Program Files\dotnet\packs\Microsoft.NETCore.App.Ref\8.0.30\ref\net8.0\System.Runtime.CompilerServices.VisualC.dll" /reference:"C:\Program Files\dotnet\packs\Microsoft.NETCore.App.Ref\8.0.30\ref\net8.0\System.Runtime.dll" /reference:"C:\Program Files\dotnet\packs\Microsoft.NETCore.App.Ref\8.0.30\ref\net8.0\System.Runtime.Extensions.dll" /reference:"C:\Program Files\dotnet\packs\Microsoft.NETCore.App.Ref\8.0.30\ref\net8.0\System.Runtime.Handles.dll" /reference:"C:\Program Files\dotnet\packs\Microsoft.NETCore.App.Ref\8.0.30\ref\net8.0\System.Runtime.InteropServices.dll" /reference:"C:\Program Files\dotnet\packs\Microsoft.NETCore.App.Ref\8.0.30\ref\net8.0\System.Runtime.InteropServices.JavaScript.dll" /reference:"C:\Program Files\dotnet\packs\Microsoft.NETCore.App.Ref\8.0.30\ref\net8.0\System.Runtime.InteropServices.RuntimeInformation.dll" /reference:"C:\Program Files\dotnet\packs\Microsoft.NETCore.App.Ref\8.0.30\ref\net8.0\System.Runtime.Intrinsics.dll" /reference:"C:\Program Files\dotnet\packs\Microsoft.NETCore.App.Ref\8.0.30\ref\net8.0\System.Runtime.Loader.dll" /reference:"C:\Program Files\dotnet\packs\Microsoft.NETCore.App.Ref\8.0.30\ref\net8.0\System.Runtime.Numerics.dll" /reference:"C:\Program Files\dotnet\packs\Microsoft.NETCore.App.Ref\8.0.30\ref\net8.0\System.Runtime.Serialization.dll" /reference:"C:\Program Files\dotnet\packs\Microsoft.NETCore.App.Ref\8.0.30\ref\net8.0\System.Runtime.Serialization.Formatters.dll" /reference:"C:\Program Files\dotnet\packs\Microsoft.NETCore.App.Ref\8.0.30\ref\net8.0\System.Runtime.Serialization.Json.dll" /reference:"C:\Program Files\dotnet\packs\Microsoft.NETCore.App.Ref\8.0.30\ref\net8.0\System.Runtime.Serialization.Primitives.dll" /reference:"C:\Program Files\dotnet\packs\Microsoft.NETCore.App.Ref\8.0.30\ref\net8.0\System.Runtime.Serialization.Xml.dll" /reference:"C:\Program Files\dotnet\packs\Microsoft.NETCore.App.Ref\8.0.30\ref\net8.0\System.Security.AccessControl.dll" /reference:"C:\Program Files\dotnet\packs\Microsoft.NETCore.App.Ref\8.0.30\ref\net8.0\System.Security.Claims.dll" /reference:"C:\Program Files\dotnet\packs\Microsoft.NETCore.App.Ref\8.0.30\ref\net8.0\System.Security.Cryptography.Algorithms.dll" /reference:"C:\Program Files\dotnet\packs\Microsoft.NETCore.App.Ref\8.0.30\ref\net8.0\System.Security.Cryptography.Cng.dll" /reference:"C:\Program Files\dotnet\packs\Microsoft.NETCore.App.Ref\8.0.30\ref\net8.0\System.Security.Cryptography.Csp.dll" /reference:"C:\Program Files\dotnet\packs\Microsoft.NETCore.App.Ref\8.0.30\ref\net8.0\System.Security.Cryptography.dll" /reference:"C:\Program Files\dotnet\packs\Microsoft.NETCore.App.Ref\8.0.30\ref\net8.0\System.Security.Cryptography.Encoding.dll" /reference:"C:\Program Files\dotnet\packs\Microsoft.NETCore.App.Ref\8.0.30\ref\net8.0\System.Security.Cryptography.OpenSsl.dll" /reference:"C:\Program Files\dotnet\packs\Microsoft.WindowsDesktop.App.Ref\8.0.30\ref\net8.0\System.Security.Cryptography.Pkcs.dll" /reference:"C:\Program Files\dotnet\packs\Microsoft.NETCore.App.Ref\8.0.30\ref\net8.0\System.Security.Cryptography.Primitives.dll" /reference:"C:\Program Files\dotnet\packs\Microsoft.WindowsDesktop.App.Ref\8.0.30\ref\net8.0\System.Security.Cryptography.ProtectedData.dll" /reference:"C:\Program Files\dotnet\packs\Microsoft.NETCore.App.Ref\8.0.30\ref\net8.0\System.Security.Cryptography.X509Certificates.dll" /reference:"C:\Program Files\dotnet\packs\Microsoft.WindowsDesktop.App.Ref\8.0.30\ref\net8.0\System.Security.Cryptography.Xml.dll" /reference:"C:\Program Files\dotnet\packs\Microsoft.NETCore.App.Ref\8.0.30\ref\net8.0\System.Security.dll" /reference:"C:\Program Files\dotnet\packs\Microsoft.WindowsDesktop.App.Ref\8.0.30\ref\net8.0\System.Security.Permissions.dll" /reference:"C:\Program Files\dotnet\packs\Microsoft.NETCore.App.Ref\8.0.30\ref\net8.0\System.Security.Principal.dll" /reference:"C:\Program Files\dotnet\packs\Microsoft.NETCore.App.Ref\8.0.30\ref\net8.0\System.Security.Principal.Windows.dll" /reference:"C:\Program Files\dotnet\packs\Microsoft.NETCore.App.Ref\8.0.30\ref\net8.0\System.Security.SecureString.dll" /reference:"C:\Program Files\dotnet\packs\Microsoft.NETCore.App.Ref\8.0.30\ref\net8.0\System.ServiceModel.Web.dll" /reference:"C:\Program Files\dotnet\packs\Microsoft.NETCore.App.Ref\8.0.30\ref\net8.0\System.ServiceProcess.dll" /reference:"C:\Program Files\dotnet\packs\Microsoft.NETCore.App.Ref\8.0.30\ref\net8.0\System.Text.Encoding.CodePages.dll" /reference:"C:\Program Files\dotnet\packs\Microsoft.NETCore.App.Ref\8.0.30\ref\net8.0\System.Text.Encoding.dll" /reference:"C:\Program Files\dotnet\packs\Microsoft.NETCore.App.Ref\8.0.30\ref\net8.0\System.Text.Encoding.Extensions.dll" /reference:C:\Users\runneradmin\.nuget\packages\system.text.encodings.web\9.0.1\lib\net8.0\System.Text.Encodings.Web.dll /reference:C:\Users\runneradmin\.nuget\packages\system.text.json\9.0.1\lib\net8.0\System.Text.Json.dll /reference:"C:\Program Files\dotnet\packs\Microsoft.NETCore.App.Ref\8.0.30\ref\net8.0\System.Text.RegularExpressions.dll" /reference:"C:\Program Files\dotnet\packs\Microsoft.WindowsDesktop.App.Ref\8.0.30\ref\net8.0\System.Threading.AccessControl.dll" /reference:"C:\Program Files\dotnet\packs\Microsoft.NETCore.App.Ref\8.0.30\ref\net8.0\System.Threading.Channels.dll" /reference:"C:\Program Files\dotnet\packs\Microsoft.NETCore.App.Ref\8.0.30\ref\net8.0\System.Threading.dll" /reference:"C:\Program Files\dotnet\packs\Microsoft.NETCore.App.Ref\8.0.30\ref\net8.0\System.Threading.Overlapped.dll" /reference:"C:\Program Files\dotnet\packs\Microsoft.NETCore.App.Ref\8.0.30\ref\net8.0\System.Threading.Tasks.Dataflow.dll" /reference:"C:\Program Files\dotnet\packs\Microsoft.NETCore.App.Ref\8.0.30\ref\net8.0\System.Threading.Tasks.dll" /reference:"C:\Program Files\dotnet\packs\Microsoft.NETCore.App.Ref\8.0.30\ref\net8.0\System.Threading.Tasks.Extensions.dll" /reference:"C:\Program Files\dotnet\packs\Microsoft.NETCore.App.Ref\8.0.30\ref\net8.0\System.Threading.Tasks.Parallel.dll" /reference:"C:\Program Files\dotnet\packs\Microsoft.NETCore.App.Ref\8.0.30\ref\net8.0\System.Threading.Thread.dll" /reference:"C:\Program Files\dotnet\packs\Microsoft.NETCore.App.Ref\8.0.30\ref\net8.0\System.Threading.ThreadPool.dll" /reference:"C:\Program Files\dotnet\packs\Microsoft.NETCore.App.Ref\8.0.30\ref\net8.0\System.Threading.Timer.dll" /reference:"C:\Program Files\dotnet\packs\Microsoft.NETCore.App.Ref\8.0.30\ref\net8.0\System.Transactions.dll" /reference:"C:\Program Files\dotnet\packs\Microsoft.NETCore.App.Ref\8.0.30\ref\net8.0\System.Transactions.Local.dll" /reference:"C:\Program Files\dotnet\packs\Microsoft.NETCore.App.Ref\8.0.30\ref\net8.0\System.ValueTuple.dll" /reference:"C:\Program Files\dotnet\packs\Microsoft.NETCore.App.Ref\8.0.30\ref\net8.0\System.Web.dll" /reference:"C:\Program Files\dotnet\packs\Microsoft.NETCore.App.Ref\8.0.30\ref\net8.0\System.Web.HttpUtility.dll" /reference:"C:\Program Files\dotnet\packs\Microsoft.WindowsDesktop.App.Ref\8.0.30\ref\net8.0\System.Windows.Controls.Ribbon.dll" /reference:"C:\Program Files\dotnet\packs\Microsoft.NETCore.App.Ref\8.0.30\ref\net8.0\System.Windows.dll" /reference:"C:\Program Files\dotnet\packs\Microsoft.WindowsDesktop.App.Ref\8.0.30\ref\net8.0\System.Windows.Extensions.dll" /reference:"C:\Program Files\dotnet\packs\Microsoft.WindowsDesktop.App.Ref\8.0.30\ref\net8.0\System.Windows.Forms.Design.dll" /reference:"C:\Program Files\dotnet\packs\Microsoft.WindowsDesktop.App.Ref\8.0.30\ref\net8.0\System.Windows.Forms.Design.Editors.dll" /reference:"C:\Program Files\dotnet\packs\Microsoft.WindowsDesktop.App.Ref\8.0.30\ref\net8.0\System.Windows.Forms.dll" /reference:"C:\Program Files\dotnet\packs\Microsoft.WindowsDesktop.App.Ref\8.0.30\ref\net8.0\System.Windows.Forms.Primitives.dll" /reference:"C:\Program Files\dotnet\packs\Microsoft.WindowsDesktop.App.Ref\8.0.30\ref\net8.0\System.Windows.Input.Manipulations.dll" /reference:"C:\Program Files\dotnet\packs\Microsoft.WindowsDesktop.App.Ref\8.0.30\ref\net8.0\System.Windows.Presentation.dll" /reference:"C:\Program Files\dotnet\packs\Microsoft.WindowsDesktop.App.Ref\8.0.30\ref\net8.0\System.Xaml.dll" /reference:"C:\Program Files\dotnet\packs\Microsoft.NETCore.App.Ref\8.0.30\ref\net8.0\System.Xml.dll" /reference:"C:\Program Files\dotnet\packs\Microsoft.NETCore.App.Ref\8.0.30\ref\net8.0\System.Xml.Linq.dll" /reference:"C:\Program Files\dotnet\packs\Microsoft.NETCore.App.Ref\8.0.30\ref\net8.0\System.Xml.ReaderWriter.dll" /reference:"C:\Program Files\dotnet\packs\Microsoft.NETCore.App.Ref\8.0.30\ref\net8.0\System.Xml.Serialization.dll" /reference:"C:\Program Files\dotnet\packs\Microsoft.NETCore.App.Ref\8.0.30\ref\net8.0\System.Xml.XDocument.dll" /reference:"C:\Program Files\dotnet\packs\Microsoft.NETCore.App.Ref\8.0.30\ref\net8.0\System.Xml.XmlDocument.dll" /reference:"C:\Program Files\dotnet\packs\Microsoft.NETCore.App.Ref\8.0.30\ref\net8.0\System.Xml.XmlSerializer.dll" /reference:"C:\Program Files\dotnet\packs\Microsoft.NETCore.App.Ref\8.0.30\ref\net8.0\System.Xml.XPath.dll" /reference:"C:\Program Files\dotnet\packs\Microsoft.NETCore.App.Ref\8.0.30\ref\net8.0\System.Xml.XPath.XDocument.dll" /reference:"C:\Program Files\dotnet\packs\Microsoft.WindowsDesktop.App.Ref\8.0.30\ref\net8.0\UIAutomationClient.dll" /reference:"C:\Program Files\dotnet\packs\Microsoft.WindowsDesktop.App.Ref\8.0.30\ref\net8.0\UIAutomationClientSideProviders.dll" /reference:"C:\Program Files\dotnet\packs\Microsoft.WindowsDesktop.App.Ref\8.0.30\ref\net8.0\UIAutomationProvider.dll" /reference:"C:\Program Files\dotnet\packs\Microsoft.WindowsDesktop.App.Ref\8.0.30\ref\net8.0\UIAutomationTypes.dll" /reference:D:\a\DJMax-Studio\DJMax-Studio\libs\UnpackMe.SDK.Standard\bin\Debug\netstandard2.0\UnpackMe.SDK.Standard.dll /reference:C:\Users\runneradmin\.nuget\packages\vortice.directx\3.8.3\lib\net8.0\Vortice.DirectX.dll /reference:C:\Users\runneradmin\.nuget\packages\vortice.mathematics\2.1.0\lib\net8.0\Vortice.Mathematics.dll /reference:C:\Users\runneradmin\.nuget\packages\vortice.mediafoundation\3.8.3\lib\net8.0\Vortice.MediaFoundation.dll /reference:"C:\Program Files\dotnet\packs\Microsoft.WindowsDesktop.App.Ref\8.0.30\ref\net8.0\WindowsBase.dll" /reference:"C:\Program Files\dotnet\packs\Microsoft.WindowsDesktop.App.Ref\8.0.30\ref\net8.0\WindowsFormsIntegration.dll" /debug+ /debug:portable /filealign:512 /optimize- /out:obj\Debug\net8.0-windows\DJMaxEditor.Studio.dll /target:winexe /warnaserror- /utf8output /deterministic+ /sourcelink:obj\Debug\net8.0-windows\DJMaxEditor.Studio_ncklcy1g_wpftmp.sourcelink.json /langversion:12 /embed:D:\a\DJMax-Studio\DJMax-Studio\DJMaxEditor.Studio\obj\Debug\net8.0-windows\Shell\MainWindow.g.cs /embed:D:\a\DJMax-Studio\DJMax-Studio\DJMaxEditor.Studio\obj\Debug\net8.0-windows\Shell\PreferencesWindow.g.cs /embed:D:\a\DJMax-Studio\DJMax-Studio\DJMaxEditor.Studio\obj\Debug\net8.0-windows\Shell\ThemePickerWindow.g.cs /embed:D:\a\DJMax-Studio\DJMax-Studio\DJMaxEditor.Studio\obj\Debug\net8.0-windows\App.g.cs /embed:D:\a\DJMax-Studio\DJMax-Studio\DJMaxEditor.Studio\obj\Debug\net8.0-windows\GeneratedInternalTypeHelper.g.cs /embed:"obj\Debug\net8.0-windows\.NETCoreApp,Version=v8.0.AssemblyAttributes.cs" /embed:obj\Debug\net8.0-windows\DJMaxEditor.Studio_ncklcy1g_wpftmp.AssemblyInfo.cs /analyzerconfig:obj\Debug\net8.0-windows\DJMaxEditor.Studio_ncklcy1g_wpftmp.GeneratedMSBuildEditorConfig.editorconfig /analyzerconfig:"C:\Program Files\dotnet\sdk\10.0.400\Sdks\Microsoft.NET.Sdk\analyzers\build\config\analysislevel_8_default.globalconfig" /analyzer:"C:\Program Files\dotnet\sdk\10.0.400\Sdks\Microsoft.NET.Sdk\targets\..\analyzers\Microsoft.CodeAnalysis.CSharp.NetAnalyzers.dll" /analyzer:"C:\Program Files\dotnet\sdk\10.0.400\Sdks\Microsoft.NET.Sdk\targets\..\analyzers\Microsoft.CodeAnalysis.NetAnalyzers.dll" /analyzer:C:\Users\runneradmin\.nuget\packages\system.text.json\9.0.1\analyzers\dotnet\roslyn4.4\cs\System.Text.Json.SourceGeneration.dll /analyzer:"C:\Program Files\dotnet\packs\Microsoft.NETCore.App.Ref\8.0.30\analyzers/dotnet/cs/Microsoft.Interop.ComInterfaceGenerator.dll" /analyzer:"C:\Program Files\dotnet\packs\Microsoft.NETCore.App.Ref\8.0.30\analyzers/dotnet/cs/Microsoft.Interop.JavaScript.JSImportGenerator.dll" /analyzer:"C:\Program Files\dotnet\packs\Microsoft.NETCore.App.Ref\8.0.30\analyzers/dotnet/cs/Microsoft.Interop.LibraryImportGenerator.dll" /analyzer:"C:\Program Files\dotnet\packs\Microsoft.NETCore.App.Ref\8.0.30\analyzers/dotnet/cs/Microsoft.Interop.SourceGeneration.dll" /analyzer:"C:\Program Files\dotnet\packs\Microsoft.NETCore.App.Ref\8.0.30\analyzers/dotnet/cs/System.Text.RegularExpressions.Generator.dll" /analyzer:"C:\Program Files\dotnet\packs\Microsoft.WindowsDesktop.App.Ref\8.0.30\analyzers/dotnet/System.Windows.Forms.Analyzers.dll" /analyzer:"C:\Program Files\dotnet\packs\Microsoft.WindowsDesktop.App.Ref\8.0.30\analyzers/dotnet/cs/System.Windows.Forms.Analyzers.CSharp.dll" App.xaml.cs Audio\DeviceHandoffMeter.cs Audio\GraphTapSampleProvider.cs Audio\HeldNoteRule.cs Audio\IAudioOutput.cs Audio\KeysoundDecoder.cs Audio\KeysoundPlayerDebugInfo.cs Audio\KeysoundRenderProbe.cs Audio\KeysoundSample.cs Audio\KeysoundVoice.cs Audio\NAudioDeviceOutput.cs Audio\NAudioKeysoundPlayer.cs Audio\NullAudioOutput.cs Audio\PauseTailProbe.cs Audio\PlaybackGroupSampleProvider.cs Audio\SampleBuffers.cs Audio\SoundingVoiceRule.cs Design\StudioChartTheme.cs Design\StudioPalette.cs Documents\ChartFileService.cs Editing\ToolMode.cs Preview\IGameplayPlayfieldView.cs Preview\PlayfieldProbe.cs Preview\RespectPlayfieldView.cs Preview\TechnikaCountIn.cs Preview\TechnikaHitEffectProfile.cs Preview\TechnikaHitFlash.cs Preview\TechnikaNoteSprites.cs Preview\TechnikaPlayfieldMetrics.cs Preview\TechnikaPlayfieldTheme.cs Preview\TechnikaPlayfieldView.cs Preview\TrackCensusProbe.cs Settings\StudioSettings.cs Settings\StudioSettingsSections.cs Settings\StudioSettingsStore.cs Shell\ChartThemeRow.cs Shell\MainWindow.xaml.cs Shell\PreferencesWindow.xaml.cs Shell\StudioWindow.cs Shell\ThemePickerWindow.xaml.cs Timeline\StudioTimelineTheme.cs Timeline\StudioVerticalCanvas.cs Timeline\StudioVolumeLane.cs Timeline\TimelineColumnScroll.cs Timeline\TimelineNoteSprites.cs Timeline\TimelineProbe.cs Timeline\TimelineSurfaceMap.cs Tracks\TrackPreset.cs Tracks\TrackPresetEntry.cs Tracks\TrackPresetLibrary.cs Video\BgaClockMap.cs Video\BgaPreview.cs Video\BgaSourceResolver.cs Video\IBgaSource.cs Video\MediaFoundationBgaSource.cs Video\NullBgaSource.cs ..\Shared\Logs.cs ..\Shared\libs\ByteArrayStream.cs ..\Shared\Diagnostics\DiagnosticLog.cs ..\Shared\DJMax\Player.cs ..\Shared\libs\CustomTimer.cs ..\Shared\AudioPlayer\AudioPlayer.cs ..\Shared\Controls\ScrollBand.cs ..\Shared\Controls\TimelineV2\PlaybackFrameScheduler.cs ..\Shared\Controls\TimelineV2\TechnikaNoteClassifier.cs ..\Shared\Controls\TimelineV2\TechnikaSeriesClassifier.cs ..\Shared\Controls\TimelineV2\TimelineCoordinateSystem.cs ..\Shared\Controls\TimelineV2\TimelineEventIndex.cs ..\Shared\Controls\TimelineV2\TimelineItem.cs ..\Shared\Controls\TimelineV2\TimelinePerformanceMonitor.cs ..\Shared\Controls\TimelineV2\TimelineRow.cs ..\Shared\Controls\TimelineV2\TimelineRowRange.cs ..\Shared\Controls\TimelineV2\TimelineRulerCalculator.cs ..\Shared\Controls\TimelineV2\TimelineTimeRange.cs ..\Shared\Controls\TimelineV2\TimelineViewport.cs ..\Shared\Controls\TimelineV2\Projection\ITimelineProjection.cs ..\Shared\Controls\TimelineV2\Projection\RawTrackProjection.cs ..\Shared\Controls\TimelineV2\Projection\TimelineProjectionResult.cs ..\Shared\Controls\Vertical\VerticalCoordinateSystem.cs ..\Shared\Controls\Vertical\VerticalTrackLayout.cs ..\Shared\Controls\Vertical\VerticalTimelineFrame.cs ..\Shared\Controls\Vertical\VerticalTimelineProjection.cs ..\Shared\Controls\Vertical\VerticalTimelineViewModel.cs ..\Shared\Files\ChartLoadException.cs ..\Shared\Files\File.cs ..\Shared\Files\IOpenFile.cs ..\Shared\Files\ISaveFile.cs ..\Shared\Files\FormatDetection\ChartFormatDetector.cs ..\Shared\Files\FormatDetection\FormatDetectionResult.cs ..\Shared\Files\pt\PtCodec.cs ..\Shared\Files\pt\PTFile.cs ..\Shared\Files\pt\PTOpenFile.cs ..\Shared\Files\pt\PTSaveFile.cs ..\Shared\Files\bms\BmsChartSerializer.cs ..\Shared\Files\bms\BmsonChartSerializer.cs ..\Shared\Files\bms\BmsonChartParser.cs ..\Shared\Files\bytes\TrailerChartReader.cs ..\Shared\Files\FilesHandler.cs ..\Shared\Files\Loadhandler.cs ..\Shared\Files\SaveHandler.cs ..\Shared\Files\bms\BmsOpenFile.cs ..\Shared\Files\bms\BmsonOpenFile.cs ..\Shared\Files\tech\TechmaniaChartSerializer.cs ..\Shared\Files\tech\TechmaniaChartWriter.cs ..\Shared\Files\tech\TechOpenFile.cs ..\Shared\Files\tech\TechSaveFile.cs ..\Shared\Files\bms\BMESaveFile.cs ..\Shared\Files\bms\BmsonSaveFile.cs ..\Shared\Files\bytes\TQOpenFile.cs ..\Shared\Files\bytes\TQSaveFile.cs ..\Shared\Files\bytes\OpenSettingsDialog.cs ..\Shared\Files\bytes\OpenSettingsDialog.Designer.cs ..\Shared\Files\Cyclon\CyclonXmlOpenFile.cs ..\Shared\Files\Cyclon\XmlStructure.cs ..\Shared\Files\pt\SaveSettingsDialog.cs ..\Shared\Files\pt\SaveSettingsDialog.Designer.cs ..\Shared\Preview\GameplayPreviewProjector.cs ..\Shared\Preview\RespectGameplayLayout.cs D:\a\DJMax-Studio\DJMax-Studio\DJMaxEditor.Studio\obj\Debug\net8.0-windows\Shell\MainWindow.g.cs D:\a\DJMax-Studio\DJMax-Studio\DJMaxEditor.Studio\obj\Debug\net8.0-windows\Shell\PreferencesWindow.g.cs D:\a\DJMax-Studio\DJMax-Studio\DJMaxEditor.Studio\obj\Debug\net8.0-windows\Shell\ThemePickerWindow.g.cs D:\a\DJMax-Studio\DJMax-Studio\DJMaxEditor.Studio\obj\Debug\net8.0-windows\App.g.cs D:\a\DJMax-Studio\DJMax-Studio\DJMaxEditor.Studio\obj\Debug\net8.0-windows\GeneratedInternalTypeHelper.g.cs "obj\Debug\net8.0-windows\.NETCoreApp,Version=v8.0.AssemblyAttributes.cs" obj\Debug\net8.0-windows\DJMaxEditor.Studio_ncklcy1g_wpftmp.AssemblyInfo.cs /warnaserror+:NU1605,SYSLIB0011
         Compilation request DJMaxEditor.Studio_ncklcy1g_wpftmp (net8.0-windows), PathToTool=C:\Program Files\dotnet\sdk\10.0.400\Roslyn\bincore\csc.exe
         CommandLine = ' /noconfig'
         BuildResponseFile = '/unsafe- /checked- /nowarn:1701,1702,CS0169,CS0649,CA1416,1701,1702,8002 /fullpaths /nostdlib+ /platform:AnyCPU /errorreport:prompt /warn:8 /define:TRACE;DEBUG;NET;NET8_0;NETCOREAPP;WINDOWS;WINDOWS7_0;NET5_0_OR_GREATER;NET6_0_OR_GREATER;NET7_0_OR_GREATER;NET8_0_OR_GREATER;NETCOREAPP1_0_OR_GREATER;NETCOREAPP1_1_OR_GREATER;NETCOREAPP2_0_OR_GREATER;NETCOREAPP2_1_OR_GREATER;NETCOREAPP2_2_OR_GREATER;NETCOREAPP3_0_OR_GREATER;NETCOREAPP3_1_OR_GREATER;WINDOWS7_0_OR_GREATER /highentropyva+ /nullable:disable /reference:"C:\Program Files\dotnet\packs\Microsoft.WindowsDesktop.App.Ref\8.0.30\ref\net8.0\Accessibility.dll" /reference:D:\a\DJMax-Studio\DJMax-Studio\DJMaxEditor.Core\bin\Debug\netstandard2.0\DJMaxEditor.Core.dll /reference:"C:\Program Files\dotnet\packs\Microsoft.NETCore.App.Ref\8.0.30\ref\net8.0\Microsoft.CSharp.dll" /reference:"C:\Program Files\dotnet\packs\Microsoft.NETCore.App.Ref\8.0.30\ref\net8.0\Microsoft.VisualBasic.Core.dll" /reference:"C:\Program Files\dotnet\packs\Microsoft.WindowsDesktop.App.Ref\8.0.30\ref\net8.0\Microsoft.VisualBasic.dll" /reference:"C:\Program Files\dotnet\packs\Microsoft.WindowsDesktop.App.Ref\8.0.30\ref\net8.0\Microsoft.VisualBasic.Forms.dll" /reference:"C:\Program Files\dotnet\packs\Microsoft.NETCore.App.Ref\8.0.30\ref\net8.0\Microsoft.Win32.Primitives.dll" /reference:"C:\Program Files\dotnet\packs\Microsoft.WindowsDesktop.App.Ref\8.0.30\ref\net8.0\Microsoft.Win32.Registry.AccessControl.dll" /reference:"C:\Program Files\dotnet\packs\Microsoft.NETCore.App.Ref\8.0.30\ref\net8.0\Microsoft.Win32.Registry.dll" /reference:"C:\Program Files\dotnet\packs\Microsoft.WindowsDesktop.App.Ref\8.0.30\ref\net8.0\Microsoft.Win32.SystemEvents.dll" /reference:"C:\Program Files\dotnet\packs\Microsoft.NETCore.App.Ref\8.0.30\ref\net8.0\mscorlib.dll" /reference:C:\Users\runneradmin\.nuget\packages\naudio.asio\2.2.1\lib\netstandard2.0\NAudio.Asio.dll /reference:C:\Users\runneradmin\.nuget\packages\naudio.core\2.2.1\lib\netstandard2.0\NAudio.Core.dll /reference:C:\Users\runneradmin\.nuget\packages\naudio\2.2.1\lib\net6.0-windows7.0\NAudio.dll /reference:C:\Users\runneradmin\.nuget\packages\naudio.midi\2.2.1\lib\netstandard2.0\NAudio.Midi.dll /reference:C:\Users\runneradmin\.nuget\packages\naudio.vorbis\1.5.0\lib\netstandard2.0\NAudio.Vorbis.dll /reference:C:\Users\runneradmin\.nuget\packages\naudio.wasapi\2.2.1\lib\netstandard2.0\NAudio.Wasapi.dll /reference:C:\Users\runneradmin\.nuget\packages\naudio.winforms\2.2.1\lib\netcoreapp3.1\NAudio.WinForms.dll /reference:C:\Users\runneradmin\.nuget\packages\naudio.winmm\2.2.1\lib\netstandard2.0\NAudio.WinMM.dll /reference:"C:\Program Files\dotnet\packs\Microsoft.NETCore.App.Ref\8.0.30\ref\net8.0\netstandard.dll" /reference:C:\Users\runneradmin\.nuget\packages\newtonsoft.json\13.0.1\lib\netstandard2.0\Newtonsoft.Json.dll /reference:C:\Users\runneradmin\.nuget\packages\nvorbis\0.10.4\lib\netstandard2.0\NVorbis.dll /reference:"C:\Program Files\dotnet\packs\Microsoft.WindowsDesktop.App.Ref\8.0.30\ref\net8.0\PresentationCore.dll" /reference:"C:\Program Files\dotnet\packs\Microsoft.WindowsDesktop.App.Ref\8.0.30\ref\net8.0\PresentationFramework.Aero.dll" /reference:"C:\Program Files\dotnet\packs\Microsoft.WindowsDesktop.App.Ref\8.0.30\ref\net8.0\PresentationFramework.Aero2.dll" /reference:"C:\Program Files\dotnet\packs\Microsoft.WindowsDesktop.App.Ref\8.0.30\ref\net8.0\PresentationFramework.AeroLite.dll" /reference:"C:\Program Files\dotnet\packs\Microsoft.WindowsDesktop.App.Ref\8.0.30\ref\net8.0\PresentationFramework.Classic.dll" /reference:"C:\Program Files\dotnet\packs\Microsoft.WindowsDesktop.App.Ref\8.0.30\ref\net8.0\PresentationFramework.dll" /reference:"C:\Program Files\dotnet\packs\Microsoft.WindowsDesktop.App.Ref\8.0.30\ref\net8.0\PresentationFramework.Luna.dll" /reference:"C:\Program Files\dotnet\packs\Microsoft.WindowsDesktop.App.Ref\8.0.30\ref\net8.0\PresentationFramework.Royale.dll" /reference:"C:\Program Files\dotnet\packs\Microsoft.WindowsDesktop.App.Ref\8.0.30\ref\net8.0\PresentationUI.dll" /reference:"C:\Program Files\dotnet\packs\Microsoft.WindowsDesktop.App.Ref\8.0.30\ref\net8.0\ReachFramework.dll" /reference:C:\Users\runneradmin\.nuget\packages\sharpgen.runtime.com\2.4.2-beta\lib\net8.0\SharpGen.Runtime.COM.dll /reference:C:\Users\runneradmin\.nuget\packages\sharpgen.runtime\2.4.2-beta\lib\net8.0\SharpGen.Runtime.dll /reference:"C:\Program Files\dotnet\packs\Microsoft.NETCore.App.Ref\8.0.30\ref\net8.0\System.AppContext.dll" /reference:"C:\Program Files\dotnet\packs\Microsoft.NETCore.App.Ref\8.0.30\ref\net8.0\System.Buffers.dll" /reference:"C:\Program Files\dotnet\packs\Microsoft.WindowsDesktop.App.Ref\8.0.30\ref\net8.0\System.CodeDom.dll" /reference:"C:\Program Files\dotnet\packs\Microsoft.NETCore.App.Ref\8.0.30\ref\net8.0\System.Collections.Concurrent.dll" /reference:"C:\Program Files\dotnet\packs\Microsoft.NETCore.App.Ref\8.0.30\ref\net8.0\System.Collections.dll" /reference:"C:\Program Files\dotnet\packs\Microsoft.NETCore.App.Ref\8.0.30\ref\net8.0\System.Collections.Immutable.dll" /reference:"C:\Program Files\dotnet\packs\Microsoft.NETCore.App.Ref\8.0.30\ref\net8.0\System.Collections.NonGeneric.dll" /reference:"C:\Program Files\dotnet\packs\Microsoft.NETCore.App.Ref\8.0.30\ref\net8.0\System.Collections.Specialized.dll" /reference:"C:\Program Files\dotnet\packs\Microsoft.NETCore.App.Ref\8.0.30\ref\net8.0\System.ComponentModel.Annotations.dll" /reference:"C:\Program Files\dotnet\packs\Microsoft.NETCore.App.Ref\8.0.30\ref\net8.0\System.ComponentModel.DataAnnotations.dll" /reference:"C:\Program Files\dotnet\packs\Microsoft.NETCore.App.Ref\8.0.30\ref\net8.0\System.ComponentModel.dll" /reference:"C:\Program Files\dotnet\packs\Microsoft.NETCore.App.Ref\8.0.30\ref\net8.0\System.ComponentModel.EventBasedAsync.dll" /reference:"C:\Program Files\dotnet\packs\Microsoft.NETCore.App.Ref\8.0.30\ref\net8.0\System.ComponentModel.Primitives.dll" /reference:"C:\Program Files\dotnet\packs\Microsoft.NETCore.App.Ref\8.0.30\ref\net8.0\System.ComponentModel.TypeConverter.dll" /reference:"C:\Program Files\dotnet\packs\Microsoft.WindowsDesktop.App.Ref\8.0.30\ref\net8.0\System.Configuration.ConfigurationManager.dll" /reference:"C:\Program Files\dotnet\packs\Microsoft.NETCore.App.Ref\8.0.30\ref\net8.0\System.Configuration.dll" /reference:"C:\Program Files\dotnet\packs\Microsoft.NETCore.App.Ref\8.0.30\ref\net8.0\System.Console.dll" /reference:"C:\Program Files\dotnet\packs\Microsoft.NETCore.App.Ref\8.0.30\ref\net8.0\System.Core.dll" /reference:"C:\Program Files\dotnet\packs\Microsoft.NETCore.App.Ref\8.0.30\ref\net8.0\System.Data.Common.dll" /reference:"C:\Program Files\dotnet\packs\Microsoft.NETCore.App.Ref\8.0.30\ref\net8.0\System.Data.DataSetExtensions.dll" /reference:"C:\Program Files\dotnet\packs\Microsoft.NETCore.App.Ref\8.0.30\ref\net8.0\System.Data.dll" /reference:"C:\Program Files\dotnet\packs\Microsoft.WindowsDesktop.App.Ref\8.0.30\ref\net8.0\System.Design.dll" /reference:"C:\Program Files\dotnet\packs\Microsoft.NETCore.App.Ref\8.0.30\ref\net8.0\System.Diagnostics.Contracts.dll" /reference:"C:\Program Files\dotnet\packs\Microsoft.NETCore.App.Ref\8.0.30\ref\net8.0\System.Diagnostics.Debug.dll" /reference:"C:\Program Files\dotnet\packs\Microsoft.NETCore.App.Ref\8.0.30\ref\net8.0\System.Diagnostics.DiagnosticSource.dll" /reference:"C:\Program Files\dotnet\packs\Microsoft.WindowsDesktop.App.Ref\8.0.30\ref\net8.0\System.Diagnostics.EventLog.dll" /reference:"C:\Program Files\dotnet\packs\Microsoft.NETCore.App.Ref\8.0.30\ref\net8.0\System.Diagnostics.FileVersionInfo.dll" /reference:"C:\Program Files\dotnet\packs\Microsoft.WindowsDesktop.App.Ref\8.0.30\ref\net8.0\System.Diagnostics.PerformanceCounter.dll" /reference:"C:\Program Files\dotnet\packs\Microsoft.NETCore.App.Ref\8.0.30\ref\net8.0\System.Diagnostics.Process.dll" /reference:"C:\Program Files\dotnet\packs\Microsoft.NETCore.App.Ref\8.0.30\ref\net8.0\System.Diagnostics.StackTrace.dll" /reference:"C:\Program Files\dotnet\packs\Microsoft.NETCore.App.Ref\8.0.30\ref\net8.0\System.Diagnostics.TextWriterTraceListener.dll" /reference:"C:\Program Files\dotnet\packs\Microsoft.NETCore.App.Ref\8.0.30\ref\net8.0\System.Diagnostics.Tools.dll" /reference:"C:\Program Files\dotnet\packs\Microsoft.NETCore.App.Ref\8.0.30\ref\net8.0\System.Diagnostics.TraceSource.dll" /reference:"C:\Program Files\dotnet\packs\Microsoft.NETCore.App.Ref\8.0.30\ref\net8.0\System.Diagnostics.Tracing.dll" /reference:"C:\Program Files\dotnet\packs\Microsoft.WindowsDesktop.App.Ref\8.0.30\ref\net8.0\System.DirectoryServices.dll" /reference:"C:\Program Files\dotnet\packs\Microsoft.NETCore.App.Ref\8.0.30\ref\net8.0\System.dll" /reference:"C:\Program Files\dotnet\packs\Microsoft.WindowsDesktop.App.Ref\8.0.30\ref\net8.0\System.Drawing.Common.dll" /reference:"C:\Program Files\dotnet\packs\Microsoft.WindowsDesktop.App.Ref\8.0.30\ref\net8.0\System.Drawing.Design.dll" /reference:"C:\Program Files\dotnet\packs\Microsoft.WindowsDesktop.App.Ref\8.0.30\ref\net8.0\System.Drawing.dll" /reference:"C:\Program Files\dotnet\packs\Microsoft.NETCore.App.Ref\8.0.30\ref\net8.0\System.Drawing.Primitives.dll" /reference:"C:\Program Files\dotnet\packs\Microsoft.NETCore.App.Ref\8.0.30\ref\net8.0\System.Dynamic.Runtime.dll" /reference:"C:\Program Files\dotnet\packs\Microsoft.NETCore.App.Ref\8.0.30\ref\net8.0\System.Formats.Asn1.dll" /reference:"C:\Program Files\dotnet\packs\Microsoft.NETCore.App.Ref\8.0.30\ref\net8.0\System.Formats.Tar.dll" /reference:"C:\Program Files\dotnet\packs\Microsoft.NETCore.App.Ref\8.0.30\ref\net8.0\System.Globalization.Calendars.dll" /reference:"C:\Program Files\dotnet\packs\Microsoft.NETCore.App.Ref\8.0.30\ref\net8.0\System.Globalization.dll" /reference:"C:\Program Files\dotnet\packs\Microsoft.NETCore.App.Ref\8.0.30\ref\net8.0\System.Globalization.Extensions.dll" /reference:"C:\Program Files\dotnet\packs\Microsoft.NETCore.App.Ref\8.0.30\ref\net8.0\System.IO.Compression.Brotli.dll" /reference:"C:\Program Files\dotnet\packs\Microsoft.NETCore.App.Ref\8.0.30\ref\net8.0\System.IO.Compression.dll" /reference:"C:\Program Files\dotnet\packs\Microsoft.NETCore.App.Ref\8.0.30\ref\net8.0\System.IO.Compression.FileSystem.dll" /reference:"C:\Program Files\dotnet\packs\Microsoft.NETCore.App.Ref\8.0.30\ref\net8.0\System.IO.Compression.ZipFile.dll" /reference:"C:\Program Files\dotnet\packs\Microsoft.NETCore.App.Ref\8.0.30\ref\net8.0\System.IO.dll" /reference:"C:\Program Files\dotnet\packs\Microsoft.NETCore.App.Ref\8.0.30\ref\net8.0\System.IO.FileSystem.AccessControl.dll" /reference:"C:\Program Files\dotnet\packs\Microsoft.NETCore.App.Ref\8.0.30\ref\net8.0\System.IO.FileSystem.dll" /reference:"C:\Program Files\dotnet\packs\Microsoft.NETCore.App.Ref\8.0.30\ref\net8.0\System.IO.FileSystem.DriveInfo.dll" /reference:"C:\Program Files\dotnet\packs\Microsoft.NETCore.App.Ref\8.0.30\ref\net8.0\System.IO.FileSystem.Primitives.dll" /reference:"C:\Program Files\dotnet\packs\Microsoft.NETCore.App.Ref\8.0.30\ref\net8.0\System.IO.FileSystem.Watcher.dll" /reference:"C:\Program Files\dotnet\packs\Microsoft.NETCore.App.Ref\8.0.30\ref\net8.0\System.IO.IsolatedStorage.dll" /reference:"C:\Program Files\dotnet\packs\Microsoft.NETCore.App.Ref\8.0.30\ref\net8.0\System.IO.MemoryMappedFiles.dll" /reference:"C:\Program Files\dotnet\packs\Microsoft.WindowsDesktop.App.Ref\8.0.30\ref\net8.0\System.IO.Packaging.dll" /reference:C:\Users\runneradmin\.nuget\packages\system.io.pipelines\9.0.1\lib\net8.0\System.IO.Pipelines.dll /reference:"C:\Program Files\dotnet\packs\Microsoft.NETCore.App.Ref\8.0.30\ref\net8.0\System.IO.Pipes.AccessControl.dll" /reference:"C:\Program Files\dotnet\packs\Microsoft.NETCore.App.Ref\8.0.30\ref\net8.0\System.IO.Pipes.dll" /reference:"C:\Program Files\dotnet\packs\Microsoft.NETCore.App.Ref\8.0.30\ref\net8.0\System.IO.UnmanagedMemoryStream.dll" /reference:"C:\Program Files\dotnet\packs\Microsoft.NETCore.App.Ref\8.0.30\ref\net8.0\System.Linq.dll" /reference:"C:\Program Files\dotnet\packs\Microsoft.NETCore.App.Ref\8.0.30\ref\net8.0\System.Linq.Expressions.dll" /reference:"C:\Program Files\dotnet\packs\Microsoft.NETCore.App.Ref\8.0.30\ref\net8.0\System.Linq.Parallel.dll" /reference:"C:\Program Files\dotnet\packs\Microsoft.NETCore.App.Ref\8.0.30\ref\net8.0\System.Linq.Queryable.dll" /reference:"C:\Program Files\dotnet\packs\Microsoft.NETCore.App.Ref\8.0.30\ref\net8.0\System.Memory.dll" /reference:"C:\Program Files\dotnet\packs\Microsoft.NETCore.App.Ref\8.0.30\ref\net8.0\System.Net.dll" /reference:"C:\Program Files\dotnet\packs\Microsoft.NETCore.App.Ref\8.0.30\ref\net8.0\System.Net.Http.dll" /reference:"C:\Program Files\dotnet\packs\Microsoft.NETCore.App.Ref\8.0.30\ref\net8.0\System.Net.Http.Json.dll" /reference:"C:\Program Files\dotnet\packs\Microsoft.NETCore.App.Ref\8.0.30\ref\net8.0\System.Net.HttpListener.dll" /reference:"C:\Program Files\dotnet\packs\Microsoft.NETCore.App.Ref\8.0.30\ref\net8.0\System.Net.Mail.dll" /reference:"C:\Program Files\dotnet\packs\Microsoft.NETCore.App.Ref\8.0.30\ref\net8.0\System.Net.NameResolution.dll" /reference:"C:\Program Files\dotnet\packs\Microsoft.NETCore.App.Ref\8.0.30\ref\net8.0\System.Net.NetworkInformation.dll" /reference:"C:\Program Files\dotnet\packs\Microsoft.NETCore.App.Ref\8.0.30\ref\net8.0\System.Net.Ping.dll" /reference:"C:\Program Files\dotnet\packs\Microsoft.NETCore.App.Ref\8.0.30\ref\net8.0\System.Net.Primitives.dll" /reference:"C:\Program Files\dotnet\packs\Microsoft.NETCore.App.Ref\8.0.30\ref\net8.0\System.Net.Quic.dll" /reference:"C:\Program Files\dotnet\packs\Microsoft.NETCore.App.Ref\8.0.30\ref\net8.0\System.Net.Requests.dll" /reference:"C:\Program Files\dotnet\packs\Microsoft.NETCore.App.Ref\8.0.30\ref\net8.0\System.Net.Security.dll" /reference:"C:\Program Files\dotnet\packs\Microsoft.NETCore.App.Ref\8.0.30\ref\net8.0\System.Net.ServicePoint.dll" /reference:"C:\Program Files\dotnet\packs\Microsoft.NETCore.App.Ref\8.0.30\ref\net8.0\System.Net.Sockets.dll" /reference:"C:\Program Files\dotnet\packs\Microsoft.NETCore.App.Ref\8.0.30\ref\net8.0\System.Net.WebClient.dll" /reference:"C:\Program Files\dotnet\packs\Microsoft.NETCore.App.Ref\8.0.30\ref\net8.0\System.Net.WebHeaderCollection.dll" /reference:"C:\Program Files\dotnet\packs\Microsoft.NETCore.App.Ref\8.0.30\ref\net8.0\System.Net.WebProxy.dll" /reference:"C:\Program Files\dotnet\packs\Microsoft.NETCore.App.Ref\8.0.30\ref\net8.0\System.Net.WebSockets.Client.dll" /reference:"C:\Program Files\dotnet\packs\Microsoft.NETCore.App.Ref\8.0.30\ref\net8.0\System.Net.WebSockets.dll" /reference:"C:\Program Files\dotnet\packs\Microsoft.NETCore.App.Ref\8.0.30\ref\net8.0\System.Numerics.dll" /reference:"C:\Program Files\dotnet\packs\Microsoft.NETCore.App.Ref\8.0.30\ref\net8.0\System.Numerics.Vectors.dll" /reference:"C:\Program Files\dotnet\packs\Microsoft.NETCore.App.Ref\8.0.30\ref\net8.0\System.ObjectModel.dll" /reference:"C:\Program Files\dotnet\packs\Microsoft.WindowsDesktop.App.Ref\8.0.30\ref\net8.0\System.Printing.dll" /reference:"C:\Program Files\dotnet\packs\Microsoft.NETCore.App.Ref\8.0.30\ref\net8.0\System.Reflection.DispatchProxy.dll" /reference:"C:\Program Files\dotnet\packs\Microsoft.NETCore.App.Ref\8.0.30\ref\net8.0\System.Reflection.dll" /reference:"C:\Program Files\dotnet\packs\Microsoft.NETCore.App.Ref\8.0.30\ref\net8.0\System.Reflection.Emit.dll" /reference:"C:\Program Files\dotnet\packs\Microsoft.NETCore.App.Ref\8.0.30\ref\net8.0\System.Reflection.Emit.ILGeneration.dll" /reference:"C:\Program Files\dotnet\packs\Microsoft.NETCore.App.Ref\8.0.30\ref\net8.0\System.Reflection.Emit.Lightweight.dll" /reference:"C:\Program Files\dotnet\packs\Microsoft.NETCore.App.Ref\8.0.30\ref\net8.0\System.Reflection.Extensions.dll" /reference:"C:\Program Files\dotnet\packs\Microsoft.NETCore.App.Ref\8.0.30\ref\net8.0\System.Reflection.Metadata.dll" /reference:"C:\Program Files\dotnet\packs\Microsoft.NETCore.App.Ref\8.0.30\ref\net8.0\System.Reflection.Primitives.dll" /reference:"C:\Program Files\dotnet\packs\Microsoft.NETCore.App.Ref\8.0.30\ref\net8.0\System.Reflection.TypeExtensions.dll" /reference:"C:\Program Files\dotnet\packs\Microsoft.WindowsDesktop.App.Ref\8.0.30\ref\net8.0\System.Resources.Extensions.dll" /reference:"C:\Program Files\dotnet\packs\Microsoft.NETCore.App.Ref\8.0.30\ref\net8.0\System.Resources.Reader.dll" /reference:"C:\Program Files\dotnet\packs\Microsoft.NETCore.App.Ref\8.0.30\ref\net8.0\System.Resources.ResourceManager.dll" /reference:"C:\Program Files\dotnet\packs\Microsoft.NETCore.App.Ref\8.0.30\ref\net8.0\System.Resources.Writer.dll" /reference:"C:\Program Files\dotnet\packs\Microsoft.NETCore.App.Ref\8.0.30\ref\net8.0\System.Runtime.CompilerServices.Unsafe.dll" /reference:"C:\Program Files\dotnet\packs\Microsoft.NETCore.App.Ref\8.0.30\ref\net8.0\System.Runtime.CompilerServices.VisualC.dll" /reference:"C:\Program Files\dotnet\packs\Microsoft.NETCore.App.Ref\8.0.30\ref\net8.0\System.Runtime.dll" /reference:"C:\Program Files\dotnet\packs\Microsoft.NETCore.App.Ref\8.0.30\ref\net8.0\System.Runtime.Extensions.dll" /reference:"C:\Program Files\dotnet\packs\Microsoft.NETCore.App.Ref\8.0.30\ref\net8.0\System.Runtime.Handles.dll" /reference:"C:\Program Files\dotnet\packs\Microsoft.NETCore.App.Ref\8.0.30\ref\net8.0\System.Runtime.InteropServices.dll" /reference:"C:\Program Files\dotnet\packs\Microsoft.NETCore.App.Ref\8.0.30\ref\net8.0\System.Runtime.InteropServices.JavaScript.dll" /reference:"C:\Program Files\dotnet\packs\Microsoft.NETCore.App.Ref\8.0.30\ref\net8.0\System.Runtime.InteropServices.RuntimeInformation.dll" /reference:"C:\Program Files\dotnet\packs\Microsoft.NETCore.App.Ref\8.0.30\ref\net8.0\System.Runtime.Intrinsics.dll" /reference:"C:\Program Files\dotnet\packs\Microsoft.NETCore.App.Ref\8.0.30\ref\net8.0\System.Runtime.Loader.dll" /reference:"C:\Program Files\dotnet\packs\Microsoft.NETCore.App.Ref\8.0.30\ref\net8.0\System.Runtime.Numerics.dll" /reference:"C:\Program Files\dotnet\packs\Microsoft.NETCore.App.Ref\8.0.30\ref\net8.0\System.Runtime.Serialization.dll" /reference:"C:\Program Files\dotnet\packs\Microsoft.NETCore.App.Ref\8.0.30\ref\net8.0\System.Runtime.Serialization.Formatters.dll" /reference:"C:\Program Files\dotnet\packs\Microsoft.NETCore.App.Ref\8.0.30\ref\net8.0\System.Runtime.Serialization.Json.dll" /reference:"C:\Program Files\dotnet\packs\Microsoft.NETCore.App.Ref\8.0.30\ref\net8.0\System.Runtime.Serialization.Primitives.dll" /reference:"C:\Program Files\dotnet\packs\Microsoft.NETCore.App.Ref\8.0.30\ref\net8.0\System.Runtime.Serialization.Xml.dll" /reference:"C:\Program Files\dotnet\packs\Microsoft.NETCore.App.Ref\8.0.30\ref\net8.0\System.Security.AccessControl.dll" /reference:"C:\Program Files\dotnet\packs\Microsoft.NETCore.App.Ref\8.0.30\ref\net8.0\System.Security.Claims.dll" /reference:"C:\Program Files\dotnet\packs\Microsoft.NETCore.App.Ref\8.0.30\ref\net8.0\System.Security.Cryptography.Algorithms.dll" /reference:"C:\Program Files\dotnet\packs\Microsoft.NETCore.App.Ref\8.0.30\ref\net8.0\System.Security.Cryptography.Cng.dll" /reference:"C:\Program Files\dotnet\packs\Microsoft.NETCore.App.Ref\8.0.30\ref\net8.0\System.Security.Cryptography.Csp.dll" /reference:"C:\Program Files\dotnet\packs\Microsoft.NETCore.App.Ref\8.0.30\ref\net8.0\System.Security.Cryptography.dll" /reference:"C:\Program Files\dotnet\packs\Microsoft.NETCore.App.Ref\8.0.30\ref\net8.0\System.Security.Cryptography.Encoding.dll" /reference:"C:\Program Files\dotnet\packs\Microsoft.NETCore.App.Ref\8.0.30\ref\net8.0\System.Security.Cryptography.OpenSsl.dll" /reference:"C:\Program Files\dotnet\packs\Microsoft.WindowsDesktop.App.Ref\8.0.30\ref\net8.0\System.Security.Cryptography.Pkcs.dll" /reference:"C:\Program Files\dotnet\packs\Microsoft.NETCore.App.Ref\8.0.30\ref\net8.0\System.Security.Cryptography.Primitives.dll" /reference:"C:\Program Files\dotnet\packs\Microsoft.WindowsDesktop.App.Ref\8.0.30\ref\net8.0\System.Security.Cryptography.ProtectedData.dll" /reference:"C:\Program Files\dotnet\packs\Microsoft.NETCore.App.Ref\8.0.30\ref\net8.0\System.Security.Cryptography.X509Certificates.dll" /reference:"C:\Program Files\dotnet\packs\Microsoft.WindowsDesktop.App.Ref\8.0.30\ref\net8.0\System.Security.Cryptography.Xml.dll" /reference:"C:\Program Files\dotnet\packs\Microsoft.NETCore.App.Ref\8.0.30\ref\net8.0\System.Security.dll" /reference:"C:\Program Files\dotnet\packs\Microsoft.WindowsDesktop.App.Ref\8.0.30\ref\net8.0\System.Security.Permissions.dll" /reference:"C:\Program Files\dotnet\packs\Microsoft.NETCore.App.Ref\8.0.30\ref\net8.0\System.Security.Principal.dll" /reference:"C:\Program Files\dotnet\packs\Microsoft.NETCore.App.Ref\8.0.30\ref\net8.0\System.Security.Principal.Windows.dll" /reference:"C:\Program Files\dotnet\packs\Microsoft.NETCore.App.Ref\8.0.30\ref\net8.0\System.Security.SecureString.dll" /reference:"C:\Program Files\dotnet\packs\Microsoft.NETCore.App.Ref\8.0.30\ref\net8.0\System.ServiceModel.Web.dll" /reference:"C:\Program Files\dotnet\packs\Microsoft.NETCore.App.Ref\8.0.30\ref\net8.0\System.ServiceProcess.dll" /reference:"C:\Program Files\dotnet\packs\Microsoft.NETCore.App.Ref\8.0.30\ref\net8.0\System.Text.Encoding.CodePages.dll" /reference:"C:\Program Files\dotnet\packs\Microsoft.NETCore.App.Ref\8.0.30\ref\net8.0\System.Text.Encoding.dll" /reference:"C:\Program Files\dotnet\packs\Microsoft.NETCore.App.Ref\8.0.30\ref\net8.0\System.Text.Encoding.Extensions.dll" /reference:C:\Users\runneradmin\.nuget\packages\system.text.encodings.web\9.0.1\lib\net8.0\System.Text.Encodings.Web.dll /reference:C:\Users\runneradmin\.nuget\packages\system.text.json\9.0.1\lib\net8.0\System.Text.Json.dll /reference:"C:\Program Files\dotnet\packs\Microsoft.NETCore.App.Ref\8.0.30\ref\net8.0\System.Text.RegularExpressions.dll" /reference:"C:\Program Files\dotnet\packs\Microsoft.WindowsDesktop.App.Ref\8.0.30\ref\net8.0\System.Threading.AccessControl.dll" /reference:"C:\Program Files\dotnet\packs\Microsoft.NETCore.App.Ref\8.0.30\ref\net8.0\System.Threading.Channels.dll" /reference:"C:\Program Files\dotnet\packs\Microsoft.NETCore.App.Ref\8.0.30\ref\net8.0\System.Threading.dll" /reference:"C:\Program Files\dotnet\packs\Microsoft.NETCore.App.Ref\8.0.30\ref\net8.0\System.Threading.Overlapped.dll" /reference:"C:\Program Files\dotnet\packs\Microsoft.NETCore.App.Ref\8.0.30\ref\net8.0\System.Threading.Tasks.Dataflow.dll" /reference:"C:\Program Files\dotnet\packs\Microsoft.NETCore.App.Ref\8.0.30\ref\net8.0\System.Threading.Tasks.dll" /reference:"C:\Program Files\dotnet\packs\Microsoft.NETCore.App.Ref\8.0.30\ref\net8.0\System.Threading.Tasks.Extensions.dll" /reference:"C:\Program Files\dotnet\packs\Microsoft.NETCore.App.Ref\8.0.30\ref\net8.0\System.Threading.Tasks.Parallel.dll" /reference:"C:\Program Files\dotnet\packs\Microsoft.NETCore.App.Ref\8.0.30\ref\net8.0\System.Threading.Thread.dll" /reference:"C:\Program Files\dotnet\packs\Microsoft.NETCore.App.Ref\8.0.30\ref\net8.0\System.Threading.ThreadPool.dll" /reference:"C:\Program Files\dotnet\packs\Microsoft.NETCore.App.Ref\8.0.30\ref\net8.0\System.Threading.Timer.dll" /reference:"C:\Program Files\dotnet\packs\Microsoft.NETCore.App.Ref\8.0.30\ref\net8.0\System.Transactions.dll" /reference:"C:\Program Files\dotnet\packs\Microsoft.NETCore.App.Ref\8.0.30\ref\net8.0\System.Transactions.Local.dll" /reference:"C:\Program Files\dotnet\packs\Microsoft.NETCore.App.Ref\8.0.30\ref\net8.0\System.ValueTuple.dll" /reference:"C:\Program Files\dotnet\packs\Microsoft.NETCore.App.Ref\8.0.30\ref\net8.0\System.Web.dll" /reference:"C:\Program Files\dotnet\packs\Microsoft.NETCore.App.Ref\8.0.30\ref\net8.0\System.Web.HttpUtility.dll" /reference:"C:\Program Files\dotnet\packs\Microsoft.WindowsDesktop.App.Ref\8.0.30\ref\net8.0\System.Windows.Controls.Ribbon.dll" /reference:"C:\Program Files\dotnet\packs\Microsoft.NETCore.App.Ref\8.0.30\ref\net8.0\System.Windows.dll" /reference:"C:\Program Files\dotnet\packs\Microsoft.WindowsDesktop.App.Ref\8.0.30\ref\net8.0\System.Windows.Extensions.dll" /reference:"C:\Program Files\dotnet\packs\Microsoft.WindowsDesktop.App.Ref\8.0.30\ref\net8.0\System.Windows.Forms.Design.dll" /reference:"C:\Program Files\dotnet\packs\Microsoft.WindowsDesktop.App.Ref\8.0.30\ref\net8.0\System.Windows.Forms.Design.Editors.dll" /reference:"C:\Program Files\dotnet\packs\Microsoft.WindowsDesktop.App.Ref\8.0.30\ref\net8.0\System.Windows.Forms.dll" /reference:"C:\Program Files\dotnet\packs\Microsoft.WindowsDesktop.App.Ref\8.0.30\ref\net8.0\System.Windows.Forms.Primitives.dll" /reference:"C:\Program Files\dotnet\packs\Microsoft.WindowsDesktop.App.Ref\8.0.30\ref\net8.0\System.Windows.Input.Manipulations.dll" /reference:"C:\Program Files\dotnet\packs\Microsoft.WindowsDesktop.App.Ref\8.0.30\ref\net8.0\System.Windows.Presentation.dll" /reference:"C:\Program Files\dotnet\packs\Microsoft.WindowsDesktop.App.Ref\8.0.30\ref\net8.0\System.Xaml.dll" /reference:"C:\Program Files\dotnet\packs\Microsoft.NETCore.App.Ref\8.0.30\ref\net8.0\System.Xml.dll" /reference:"C:\Program Files\dotnet\packs\Microsoft.NETCore.App.Ref\8.0.30\ref\net8.0\System.Xml.Linq.dll" /reference:"C:\Program Files\dotnet\packs\Microsoft.NETCore.App.Ref\8.0.30\ref\net8.0\System.Xml.ReaderWriter.dll" /reference:"C:\Program Files\dotnet\packs\Microsoft.NETCore.App.Ref\8.0.30\ref\net8.0\System.Xml.Serialization.dll" /reference:"C:\Program Files\dotnet\packs\Microsoft.NETCore.App.Ref\8.0.30\ref\net8.0\System.Xml.XDocument.dll" /reference:"C:\Program Files\dotnet\packs\Microsoft.NETCore.App.Ref\8.0.30\ref\net8.0\System.Xml.XmlDocument.dll" /reference:"C:\Program Files\dotnet\packs\Microsoft.NETCore.App.Ref\8.0.30\ref\net8.0\System.Xml.XmlSerializer.dll" /reference:"C:\Program Files\dotnet\packs\Microsoft.NETCore.App.Ref\8.0.30\ref\net8.0\System.Xml.XPath.dll" /reference:"C:\Program Files\dotnet\packs\Microsoft.NETCore.App.Ref\8.0.30\ref\net8.0\System.Xml.XPath.XDocument.dll" /reference:"C:\Program Files\dotnet\packs\Microsoft.WindowsDesktop.App.Ref\8.0.30\ref\net8.0\UIAutomationClient.dll" /reference:"C:\Program Files\dotnet\packs\Microsoft.WindowsDesktop.App.Ref\8.0.30\ref\net8.0\UIAutomationClientSideProviders.dll" /reference:"C:\Program Files\dotnet\packs\Microsoft.WindowsDesktop.App.Ref\8.0.30\ref\net8.0\UIAutomationProvider.dll" /reference:"C:\Program Files\dotnet\packs\Microsoft.WindowsDesktop.App.Ref\8.0.30\ref\net8.0\UIAutomationTypes.dll" /reference:D:\a\DJMax-Studio\DJMax-Studio\libs\UnpackMe.SDK.Standard\bin\Debug\netstandard2.0\UnpackMe.SDK.Standard.dll /reference:C:\Users\runneradmin\.nuget\packages\vortice.directx\3.8.3\lib\net8.0\Vortice.DirectX.dll /reference:C:\Users\runneradmin\.nuget\packages\vortice.mathematics\2.1.0\lib\net8.0\Vortice.Mathematics.dll /reference:C:\Users\runneradmin\.nuget\packages\vortice.mediafoundation\3.8.3\lib\net8.0\Vortice.MediaFoundation.dll /reference:"C:\Program Files\dotnet\packs\Microsoft.WindowsDesktop.App.Ref\8.0.30\ref\net8.0\WindowsBase.dll" /reference:"C:\Program Files\dotnet\packs\Microsoft.WindowsDesktop.App.Ref\8.0.30\ref\net8.0\WindowsFormsIntegration.dll" /debug+ /debug:portable /filealign:512 /optimize- /out:obj\Debug\net8.0-windows\DJMaxEditor.Studio.dll /target:winexe /warnaserror- /utf8output /deterministic+ /sourcelink:obj\Debug\net8.0-windows\DJMaxEditor.Studio_ncklcy1g_wpftmp.sourcelink.json /langversion:12 /embed:D:\a\DJMax-Studio\DJMax-Studio\DJMaxEditor.Studio\obj\Debug\net8.0-windows\Shell\MainWindow.g.cs /embed:D:\a\DJMax-Studio\DJMax-Studio\DJMaxEditor.Studio\obj\Debug\net8.0-windows\Shell\PreferencesWindow.g.cs /embed:D:\a\DJMax-Studio\DJMax-Studio\DJMaxEditor.Studio\obj\Debug\net8.0-windows\Shell\ThemePickerWindow.g.cs /embed:D:\a\DJMax-Studio\DJMax-Studio\DJMaxEditor.Studio\obj\Debug\net8.0-windows\App.g.cs /embed:D:\a\DJMax-Studio\DJMax-Studio\DJMaxEditor.Studio\obj\Debug\net8.0-windows\GeneratedInternalTypeHelper.g.cs /embed:"obj\Debug\net8.0-windows\.NETCoreApp,Version=v8.0.AssemblyAttributes.cs" /embed:obj\Debug\net8.0-windows\DJMaxEditor.Studio_ncklcy1g_wpftmp.AssemblyInfo.cs /analyzerconfig:obj\Debug\net8.0-windows\DJMaxEditor.Studio_ncklcy1g_wpftmp.GeneratedMSBuildEditorConfig.editorconfig /analyzerconfig:"C:\Program Files\dotnet\sdk\10.0.400\Sdks\Microsoft.NET.Sdk\analyzers\build\config\analysislevel_8_default.globalconfig" /analyzer:"C:\Program Files\dotnet\sdk\10.0.400\Sdks\Microsoft.NET.Sdk\targets\..\analyzers\Microsoft.CodeAnalysis.CSharp.NetAnalyzers.dll" /analyzer:"C:\Program Files\dotnet\sdk\10.0.400\Sdks\Microsoft.NET.Sdk\targets\..\analyzers\Microsoft.CodeAnalysis.NetAnalyzers.dll" /analyzer:C:\Users\runneradmin\.nuget\packages\system.text.json\9.0.1\analyzers\dotnet\roslyn4.4\cs\System.Text.Json.SourceGeneration.dll /analyzer:"C:\Program Files\dotnet\packs\Microsoft.NETCore.App.Ref\8.0.30\analyzers/dotnet/cs/Microsoft.Interop.ComInterfaceGenerator.dll" /analyzer:"C:\Program Files\dotnet\packs\Microsoft.NETCore.App.Ref\8.0.30\analyzers/dotnet/cs/Microsoft.Interop.JavaScript.JSImportGenerator.dll" /analyzer:"C:\Program Files\dotnet\packs\Microsoft.NETCore.App.Ref\8.0.30\analyzers/dotnet/cs/Microsoft.Interop.LibraryImportGenerator.dll" /analyzer:"C:\Program Files\dotnet\packs\Microsoft.NETCore.App.Ref\8.0.30\analyzers/dotnet/cs/Microsoft.Interop.SourceGeneration.dll" /analyzer:"C:\Program Files\dotnet\packs\Microsoft.NETCore.App.Ref\8.0.30\analyzers/dotnet/cs/System.Text.RegularExpressions.Generator.dll" /analyzer:"C:\Program Files\dotnet\packs\Microsoft.WindowsDesktop.App.Ref\8.0.30\analyzers/dotnet/System.Windows.Forms.Analyzers.dll" /analyzer:"C:\Program Files\dotnet\packs\Microsoft.WindowsDesktop.App.Ref\8.0.30\analyzers/dotnet/cs/System.Windows.Forms.Analyzers.CSharp.dll" App.xaml.cs Audio\DeviceHandoffMeter.cs Audio\GraphTapSampleProvider.cs Audio\HeldNoteRule.cs Audio\IAudioOutput.cs Audio\KeysoundDecoder.cs Audio\KeysoundPlayerDebugInfo.cs Audio\KeysoundRenderProbe.cs Audio\KeysoundSample.cs Audio\KeysoundVoice.cs Audio\NAudioDeviceOutput.cs Audio\NAudioKeysoundPlayer.cs Audio\NullAudioOutput.cs Audio\PauseTailProbe.cs Audio\PlaybackGroupSampleProvider.cs Audio\SampleBuffers.cs Audio\SoundingVoiceRule.cs Design\StudioChartTheme.cs Design\StudioPalette.cs Documents\ChartFileService.cs Editing\ToolMode.cs Preview\IGameplayPlayfieldView.cs Preview\PlayfieldProbe.cs Preview\RespectPlayfieldView.cs Preview\TechnikaCountIn.cs Preview\TechnikaHitEffectProfile.cs Preview\TechnikaHitFlash.cs Preview\TechnikaNoteSprites.cs Preview\TechnikaPlayfieldMetrics.cs Preview\TechnikaPlayfieldTheme.cs Preview\TechnikaPlayfieldView.cs Preview\TrackCensusProbe.cs Settings\StudioSettings.cs Settings\StudioSettingsSections.cs Settings\StudioSettingsStore.cs Shell\ChartThemeRow.cs Shell\MainWindow.xaml.cs Shell\PreferencesWindow.xaml.cs Shell\StudioWindow.cs Shell\ThemePickerWindow.xaml.cs Timeline\StudioTimelineTheme.cs Timeline\StudioVerticalCanvas.cs Timeline\StudioVolumeLane.cs Timeline\TimelineColumnScroll.cs Timeline\TimelineNoteSprites.cs Timeline\TimelineProbe.cs Timeline\TimelineSurfaceMap.cs Tracks\TrackPreset.cs Tracks\TrackPresetEntry.cs Tracks\TrackPresetLibrary.cs Video\BgaClockMap.cs Video\BgaPreview.cs Video\BgaSourceResolver.cs Video\IBgaSource.cs Video\MediaFoundationBgaSource.cs Video\NullBgaSource.cs ..\Shared\Logs.cs ..\Shared\libs\ByteArrayStream.cs ..\Shared\Diagnostics\DiagnosticLog.cs ..\Shared\DJMax\Player.cs ..\Shared\libs\CustomTimer.cs ..\Shared\AudioPlayer\AudioPlayer.cs ..\Shared\Controls\ScrollBand.cs ..\Shared\Controls\TimelineV2\PlaybackFrameScheduler.cs ..\Shared\Controls\TimelineV2\TechnikaNoteClassifier.cs ..\Shared\Controls\TimelineV2\TechnikaSeriesClassifier.cs ..\Shared\Controls\TimelineV2\TimelineCoordinateSystem.cs ..\Shared\Controls\TimelineV2\TimelineEventIndex.cs ..\Shared\Controls\TimelineV2\TimelineItem.cs ..\Shared\Controls\TimelineV2\TimelinePerformanceMonitor.cs ..\Shared\Controls\TimelineV2\TimelineRow.cs ..\Shared\Controls\TimelineV2\TimelineRowRange.cs ..\Shared\Controls\TimelineV2\TimelineRulerCalculator.cs ..\Shared\Controls\TimelineV2\TimelineTimeRange.cs ..\Shared\Controls\TimelineV2\TimelineViewport.cs ..\Shared\Controls\TimelineV2\Projection\ITimelineProjection.cs ..\Shared\Controls\TimelineV2\Projection\RawTrackProjection.cs ..\Shared\Controls\TimelineV2\Projection\TimelineProjectionResult.cs ..\Shared\Controls\Vertical\VerticalCoordinateSystem.cs ..\Shared\Controls\Vertical\VerticalTrackLayout.cs ..\Shared\Controls\Vertical\VerticalTimelineFrame.cs ..\Shared\Controls\Vertical\VerticalTimelineProjection.cs ..\Shared\Controls\Vertical\VerticalTimelineViewModel.cs ..\Shared\Files\ChartLoadException.cs ..\Shared\Files\File.cs ..\Shared\Files\IOpenFile.cs ..\Shared\Files\ISaveFile.cs ..\Shared\Files\FormatDetection\ChartFormatDetector.cs ..\Shared\Files\FormatDetection\FormatDetectionResult.cs ..\Shared\Files\pt\PtCodec.cs ..\Shared\Files\pt\PTFile.cs ..\Shared\Files\pt\PTOpenFile.cs ..\Shared\Files\pt\PTSaveFile.cs ..\Shared\Files\bms\BmsChartSerializer.cs ..\Shared\Files\bms\BmsonChartSerializer.cs ..\Shared\Files\bms\BmsonChartParser.cs ..\Shared\Files\bytes\TrailerChartReader.cs ..\Shared\Files\FilesHandler.cs ..\Shared\Files\Loadhandler.cs ..\Shared\Files\SaveHandler.cs ..\Shared\Files\bms\BmsOpenFile.cs ..\Shared\Files\bms\BmsonOpenFile.cs ..\Shared\Files\tech\TechmaniaChartSerializer.cs ..\Shared\Files\tech\TechmaniaChartWriter.cs ..\Shared\Files\tech\TechOpenFile.cs ..\Shared\Files\tech\TechSaveFile.cs ..\Shared\Files\bms\BMESaveFile.cs ..\Shared\Files\bms\BmsonSaveFile.cs ..\Shared\Files\bytes\TQOpenFile.cs ..\Shared\Files\bytes\TQSaveFile.cs ..\Shared\Files\bytes\OpenSettingsDialog.cs ..\Shared\Files\bytes\OpenSettingsDialog.Designer.cs ..\Shared\Files\Cyclon\CyclonXmlOpenFile.cs ..\Shared\Files\Cyclon\XmlStructure.cs ..\Shared\Files\pt\SaveSettingsDialog.cs ..\Shared\Files\pt\SaveSettingsDialog.Designer.cs ..\Shared\Preview\GameplayPreviewProjector.cs ..\Shared\Preview\RespectGameplayLayout.cs D:\a\DJMax-Studio\DJMax-Studio\DJMaxEditor.Studio\obj\Debug\net8.0-windows\Shell\MainWindow.g.cs D:\a\DJMax-Studio\DJMax-Studio\DJMaxEditor.Studio\obj\Debug\net8.0-windows\Shell\PreferencesWindow.g.cs D:\a\DJMax-Studio\DJMax-Studio\DJMaxEditor.Studio\obj\Debug\net8.0-windows\Shell\ThemePickerWindow.g.cs D:\a\DJMax-Studio\DJMax-Studio\DJMaxEditor.Studio\obj\Debug\net8.0-windows\App.g.cs D:\a\DJMax-Studio\DJMax-Studio\DJMaxEditor.Studio\obj\Debug\net8.0-windows\GeneratedInternalTypeHelper.g.cs "obj\Debug\net8.0-windows\.NETCoreApp,Version=v8.0.AssemblyAttributes.cs" obj\Debug\net8.0-windows\DJMaxEditor.Studio_ncklcy1g_wpftmp.AssemblyInfo.cs /warnaserror+:NU1605,SYSLIB0011'
         Attempt to open named pipe 'JCKgKtUd1nhrpuiXraj22AP7YKYZhNJwkH7wqc5icmU'
         Attempt to connect named pipe 'JCKgKtUd1nhrpuiXraj22AP7YKYZhNJwkH7wqc5icmU'
         Named pipe 'JCKgKtUd1nhrpuiXraj22AP7YKYZhNJwkH7wqc5icmU' connected
         Begin writing request for DJMaxEditor.Studio_ncklcy1g_wpftmp (net8.0-windows)
         End writing request for DJMaxEditor.Studio_ncklcy1g_wpftmp (net8.0-windows)
         Begin reading response for DJMaxEditor.Studio_ncklcy1g_wpftmp (net8.0-windows)
         End reading response for DJMaxEditor.Studio_ncklcy1g_wpftmp (net8.0-windows)
     5>D:\a\DJMax-Studio\DJMax-Studio\Shared\libs\ByteArrayStream.cs(106,21): warning CS0114: 'ByteArrayStream.ReadByte()' hides inherited member 'Stream.ReadByte()'. To make the current member override that implementation, add the override keyword. Otherwise add the new keyword. [D:\a\DJMax-Studio\DJMax-Studio\DJMaxEditor.Studio\DJMaxEditor.Studio_ncklcy1g_wpftmp.csproj]
     5>D:\a\DJMax-Studio\DJMax-Studio\Shared\libs\ByteArrayStream.cs(164,21): warning CS0114: 'ByteArrayStream.WriteByte(byte)' hides inherited member 'Stream.WriteByte(byte)'. To make the current member override that implementation, add the override keyword. Otherwise add the new keyword. [D:\a\DJMax-Studio\DJMax-Studio\DJMaxEditor.Studio\DJMaxEditor.Studio_ncklcy1g_wpftmp.csproj]
     5>D:\a\DJMax-Studio\DJMax-Studio\Shared\Files\pt\PTOpenFile.cs(67,30): warning CS0168: The variable 'e' is declared but never used [D:\a\DJMax-Studio\DJMax-Studio\DJMaxEditor.Studio\DJMaxEditor.Studio_ncklcy1g_wpftmp.csproj]
     5>D:\a\DJMax-Studio\DJMax-Studio\Shared\Files\tech\TechmaniaChartWriter.cs(369,37): error CS0121: The call is ambiguous between the following methods or properties: 'System.Math.Min(byte, byte)' and 'System.Math.Min(int, int)' [D:\a\DJMax-Studio\DJMax-Studio\DJMaxEditor.Studio\DJMaxEditor.Studio_ncklcy1g_wpftmp.csproj]
         CompilerServer: server - server processed compilation - DJMaxEditor.Studio_ncklcy1g_wpftmp (net8.0-windows)
     5>Done Building Project "D:\a\DJMax-Studio\DJMax-Studio\DJMaxEditor.Studio\DJMaxEditor.Studio_ncklcy1g_wpftmp.csproj" (_CompileTemporaryAssembly target(s)) -- FAILED.
     4>Done Building Project "D:\a\DJMax-Studio\DJMax-Studio\DJMaxEditor.Studio\DJMaxEditor.Studio.csproj" (default targets) -- FAILED.
     1>Done Building Project "D:\a\DJMax-Studio\DJMax-Studio\DJMaxEditor.sln" (default targets) -- FAILED.

Build FAILED.

       "D:\a\DJMax-Studio\DJMax-Studio\DJMaxEditor.sln" (default target) (1:2) ->
       "D:\a\DJMax-Studio\DJMax-Studio\libs\UnpackMe.SDK.Standard\UnpackMe.SDK.Standard.csproj" (default target) (2:7) ->
       (CoreCompile target) -> 
         D:\a\DJMax-Studio\DJMax-Studio\libs\UnpackMe.SDK.Standard\Models\CreateTaskResultModel.cs(9,23): warning CS0649: Field 'CreateTaskResultModel.TaskId' is never assigned to, and will always have its default value null [D:\a\DJMax-Studio\DJMax-Studio\libs\UnpackMe.SDK.Standard\UnpackMe.SDK.Standard.csproj]


       "D:\a\DJMax-Studio\DJMax-Studio\DJMaxEditor.sln" (default target) (1:2) ->
       "D:\a\DJMax-Studio\DJMax-Studio\DJMaxEditor.Studio\DJMaxEditor.Studio.csproj" (default target) (4:6) ->
       "D:\a\DJMax-Studio\DJMax-Studio\DJMaxEditor.Studio\DJMaxEditor.Studio_ncklcy1g_wpftmp.csproj" (_CompileTemporaryAssembly target) (5) ->
         D:\a\DJMax-Studio\DJMax-Studio\Shared\libs\ByteArrayStream.cs(106,21): warning CS0114: 'ByteArrayStream.ReadByte()' hides inherited member 'Stream.ReadByte()'. To make the current member override that implementation, add the override keyword. Otherwise add the new keyword. [D:\a\DJMax-Studio\DJMax-Studio\DJMaxEditor.Studio\DJMaxEditor.Studio_ncklcy1g_wpftmp.csproj]
         D:\a\DJMax-Studio\DJMax-Studio\Shared\libs\ByteArrayStream.cs(164,21): warning CS0114: 'ByteArrayStream.WriteByte(byte)' hides inherited member 'Stream.WriteByte(byte)'. To make the current member override that implementation, add the override keyword. Otherwise add the new keyword. [D:\a\DJMax-Studio\DJMax-Studio\DJMaxEditor.Studio\DJMaxEditor.Studio_ncklcy1g_wpftmp.csproj]
         D:\a\DJMax-Studio\DJMax-Studio\Shared\Files\pt\PTOpenFile.cs(67,30): warning CS0168: The variable 'e' is declared but never used [D:\a\DJMax-Studio\DJMax-Studio\DJMaxEditor.Studio\DJMaxEditor.Studio_ncklcy1g_wpftmp.csproj]


       "D:\a\DJMax-Studio\DJMax-Studio\DJMaxEditor.sln" (default target) (1:2) ->
       "D:\a\DJMax-Studio\DJMax-Studio\DJMaxEditor.Studio\DJMaxEditor.Studio.csproj" (default target) (4:6) ->
       "D:\a\DJMax-Studio\DJMax-Studio\DJMaxEditor.Studio\DJMaxEditor.Studio_ncklcy1g_wpftmp.csproj" (_CompileTemporaryAssembly target) (5) ->
       (CoreCompile target) -> 
         D:\a\DJMax-Studio\DJMax-Studio\Shared\Files\tech\TechmaniaChartWriter.cs(369,37): error CS0121: The call is ambiguous between the following methods or properties: 'System.Math.Min(byte, byte)' and 'System.Math.Min(int, int)' [D:\a\DJMax-Studio\DJMax-Studio\DJMaxEditor.Studio\DJMaxEditor.Studio_ncklcy1g_wpftmp.csproj]

    4 Warning(s)
    1 Error(s)

FileLogger wrote to: D:\a\DJMax-Studio\DJMax-Studio\build-debug.log

Time Elapsed 00:00:57.75
